organoid_id,region_id,time_idx,condition,burden,burden_norm,delta_burden,pathology_z,target_positive
organoid_000,cortex,0,control,0.0,-0.6061382081937252,0.0,-0.778777198200666,0
organoid_000,cortex,1,control,0.0,-0.9976327034700472,-0.39149449527632196,0.1591154559576912,0
organoid_000,cortex,2,control,0.0,-1.273303309120164,-0.2756706056501168,-1.7238391477453816,0
organoid_000,cortex,3,control,0.0239748733992386,-0.977360647629691,0.295942661490473,-0.3128374353822462,0
organoid_000,cortex,4,control,0.0,-1.4085499424997103,-0.43118929487001934,-1.7449270097113911,0
organoid_000,cortex,5,control,0.0,-1.049051285900014,0.35949865659969626,0.059402190297604074,0
organoid_000,glia_niche,0,control,0.5397213800969576,0.6686047917773364,0.0,0.707075887418458,0
organoid_000,glia_niche,1,control,0.36385752133105337,0.8331660776524176,0.16456128587508112,1.3390870388901535,0
organoid_000,glia_niche,2,control,0.17952889585672105,0.17386862040888684,-0.6592974572435307,-1.0280050120362716,0
organoid_000,glia_niche,3,control,0.07215445898442588,-0.36675438591611165,-0.5406230063249985,-1.5915474304754442,0
organoid_000,glia_niche,4,control,0.0648734605272229,-0.18571561132861128,0.18103877458750037,-1.0466602354202033,0
organoid_000,glia_niche,5,control,0.03433497470663917,-0.3027133815851277,-0.11699777025651645,-0.4566695184620231,0
organoid_000,hindbrain,0,control,1.0000984122685985,1.7559480409975645,0.0,1.3215024724526157,0
organoid_000,hindbrain,1,control,0.5004717989979062,1.5205594620778455,-0.23538857891971898,1.3608191734725625,0
organoid_000,hindbrain,2,control,0.33443243709449444,1.4225370065992597,-0.09802245547858579,1.4784943128050698,0
organoid_000,hindbrain,3,control,0.21241300005636368,1.410818882868234,-0.011718123731025765,1.2212486264276163,0
organoid_000,hindbrain,4,control,0.15439575543483108,1.501737697444852,0.09091881457661799,1.2367673143119866,0
organoid_000,hindbrain,5,control,0.10789613288452467,1.2962824266990391,-0.20545527074581282,1.072953304816273,0
organoid_000,midbrain,0,control,0.0,-0.6061382081937252,0.0,-1.2856696230072726,0
organoid_000,midbrain,1,control,0.19220647688918924,-0.03051958093435887,0.5756186272593663,-1.5655893771202083,0
organoid_000,midbrain,2,control,0.2527201919152773,0.7638593772524319,0.7943789581867908,-1.8969533524613307,0
organoid_000,midbrain,3,control,0.15393761282499635,0.6697282909521268,-0.09413108630030509,-0.5710147851718061,0
organoid_000,midbrain,4,control,0.08617944683643534,0.21589224659402054,-0.4538360443581063,-0.8475858436109664,0
organoid_000,midbrain,5,control,0.09467457268556737,1.0088859275032838,0.7929936809092633,0.5516594388905546,0
organoid_000,striatum,0,control,0.0,-0.6061382081937252,0.0,-0.778777198200666,0
organoid_000,striatum,1,control,0.018078088153383368,-0.9066703354663215,-0.30053212727259626,-1.513593853691133,0
organoid_000,striatum,2,control,0.05649266771537684,-0.8179192187108274,0.08875111675549407,-1.4517440094697855,0
organoid_000,striatum,3,control,0.13316199419816233,0.40642750348295575,1.2243467221937832,0.1518650122944119,0
organoid_000,striatum,4,control,0.10220675698832005,0.5179995325438345,0.11157202906087871,0.15967144437622485,0
organoid_000,striatum,5,control,0.052661411190306165,0.09564759918283287,-0.4223519333610016,-1.2508756436350021,0
organoid_000,thalamus,0,control,0.0,-0.6061382081937252,0.0,-0.778777198200666,0
organoid_000,thalamus,1,control,0.11501820230395499,-0.418902919859535,0.18723528833419023,1.8482122925380384,0
organoid_000,thalamus,2,control,0.12458356520483567,-0.2690424764295881,0.14986044342994687,2.002867887375949,1
organoid_000,thalamus,3,control,0.010916256827200807,-1.1428596437575134,-0.8738171673279252,0.3918922939093125,0
organoid_000,thalamus,4,control,0.04070053538758698,-0.6413639227543856,0.5014957210031278,1.7127428640944418,0
organoid_000,thalamus,5,control,0.0,-1.049051285900014,-0.4076873631456285,-0.5410507067154117,0
organoid_001,cortex,0,treated,0.0,-0.5981997776848057,0.0,-0.24318723167168504,0
organoid_001,cortex,1,treated,0.0,-1.1463861615096136,-0.5481863838248079,-1.6227920355418182,0
organoid_001,cortex,2,treated,0.18302514446564178,-0.8661521635861418,0.2802339979234718,1.008055408780039,0
organoid_001,cortex,3,treated,0.33127124353481385,-0.7628663525914491,0.1032858109946927,0.8641589234377205,0
organoid_001,cortex,4,treated,0.5513151290060027,-0.7332511298660813,0.029615222725367762,1.7368831294184826,0
organoid_001,cortex,5,treated,0.7975354280946436,-0.6194057592960514,0.11384537057002997,1.078084506479878,0
organoid_001,glia_niche,0,treated,0.47006067239869953,0.6023102052991913,0.0,0.17342294926171747,0
organoid_001,glia_niche,1,treated,0.5165325177803215,0.6608334733944742,0.058523268095282854,0.14494645475591184,0
organoid_001,glia_niche,2,treated,0.6362860436917648,0.6258294248995849,-0.03500404849488925,1.2385650002789061,0
organoid_001,glia_niche,3,treated,0.7260765485570215,0.3232014824798355,-0.30262794241974944,0.28506356468783717,0
organoid_001,glia_niche,4,treated,0.9848038270866002,0.34394509217988684,0.020743609700051346,0.23331301874202598,0
organoid_001,glia_niche,5,treated,1.182593177071895,0.14832715319453338,-0.19561793898535346,0.09103853057242901,0
organoid_001,hindbrain,0,treated,0.0,-0.5981997776848057,0.0,-0.6560726829347513,0
organoid_001,hindbrain,1,treated,0.27216223028370007,-0.19415777410501878,0.4040420035797869,-0.5233960783944129,0
organoid_001,hindbrain,2,treated,0.43849832882455114,-0.0252208411047852,0.16893693300023357,-0.4241525562112817,0
organoid_001,hindbrain,3,treated,0.538627275452272,-0.19245173604799024,-0.16723089494320503,-0.938871608472947,0
organoid_001,hindbrain,4,treated,0.6717926145340468,-0.43387102416312323,-0.241419288115133,-1.0613458221986831,0
organoid_001,hindbrain,5,treated,0.8874001902543417,-0.4402322826775749,-0.006361258514451684,-0.8995757164758296,0
organoid_001,midbrain,0,treated,0.935293020845952,1.7904889054400315,0.0,0.6089175484555351,0
organoid_001,midbrain,1,treated,0.6855203117132189,1.2520800043331948,-0.5384089011068367,0.15075317990433512,0
organoid_001,midbrain,2,treated,0.8049289004484356,1.180944674726295,-0.07113532960689972,-0.22979792467913623,0
organoid_001,midbrain,3,treated,1.1018066176261936,1.3567953513924789,0.17585067666618381,0.44032275661108544,0
organoid_001,midbrain,4,treated,1.352474861826139,1.2575879422260623,-0.09920740916641657,0.41676261127360076,0
organoid_001,midbrain,5,treated,1.6864970917496915,1.1530170238919473,-0.10457091833411503,0.7614284651314496,0
organoid_001,striatum,0,treated,0.0,-0.5981997776848057,0.0,-0.24318723167168504,0
organoid_001,striatum,1,treated,0.4917188607597788,0.5740166193965769,1.1722163970813826,1.6117672865294321,0
organoid_001,striatum,2,treated,0.6142237895174543,0.5532079455600616,-0.0208086738365153,0.6068580983980106,0
organoid_001,striatum,3,treated,0.8557899058564403,0.6800292741785399,0.12682132861847828,0.6961462206114591,0
organoid_001,striatum,4,treated,1.2070957870348624,0.8963287194986802,0.21629944532014034,0.9121489394966125,0
organoid_001,striatum,5,treated,1.6661301961994641,1.112409255107397,0.21608053560871676,0.7746087338583709,0
organoid_001,thalamus,0,treated,0.0,-0.5981997776848057,0.0,-0.24318723167168504,0
organoid_001,thalamus,1,treated,0.0,-1.1463861615096136,-0.5481863838248079,-1.1930947871748723,0
organoid_001,thalamus,2,treated,0.0,-1.4686090404950156,-0.32222287898540203,-1.0837039055407103,0
organoid_001,thalamus,3,treated,0.09795018672606831,-1.4047080194114143,0.0639010210836013,-1.776665620814369,0
organoid_001,thalamus,4,treated,0.31087193613016934,-1.3307395998754228,0.07396841953599154,-1.6810156642774443,0
organoid_001,thalamus,5,treated,0.42904056219419406,-1.3541153902202514,-0.023375790344828618,-1.0199159943466802,0
organoid_002,cortex,0,treated,0.0,-0.599881839826706,0.0,-0.35667258690251924,0
organoid_002,cortex,1,treated,0.0,-1.1123991228672065,-0.5125172830405006,-1.2156636260988605,0
organoid_002,cortex,2,treated,0.2716198183817781,-0.756863803555995,0.3555353193112115,1.7413562459085932,0
organoid_002,cortex,3,treated,0.45318700557961883,-0.6678580024739678,0.08900580108202727,1.385499046380529,0
organoid_002,cortex,4,treated,0.7262810966930902,-0.5923432146211501,0.07551478785281762,2.4633979681904976,1
organoid_002,cortex,5,treated,1.0484352647854271,-0.5374871833464463,0.05485603127470384,1.2723120720414265,0
organoid_002,glia_niche,0,treated,0.5467828051048822,0.6159395028015465,0.0,0.2831349942948654,0
organoid_002,glia_niche,1,treated,0.5963885887796797,0.7133182608490352,0.09737875804748863,0.5086281563063721,0
organoid_002,glia_niche,2,treated,0.7656752749224571,0.688433046234545,-0.024885214614490114,1.5525203020888791,0
organoid_002,glia_niche,3,treated,0.8295858490923929,0.28961585457975986,-0.3988171916547852,0.1937140139647248,0
organoid_002,glia_niche,4,treated,1.114360329717675,0.23411798508698375,-0.0554978694927761,-0.032094172559398046,0
organoid_002,glia_niche,5,treated,1.4595147158698154,0.13579415267994832,-0.09832383240703543,0.07581944330404299,0
organoid_002,hindbrain,0,treated,0.0,-0.599881839826706,0.0,-0.6574856801455643,0
organoid_002,hindbrain,1,treated,0.25906702735429,-0.3193202741316388,0.2805615656950671,-0.6609307613937783,0
organoid_002,hindbrain,2,treated,0.3834579201031891,-0.4296955596582569,-0.11037528552661807,-0.9557142107189568,0
organoid_002,hindbrain,3,treated,0.5169779476151941,-0.5055882177268204,-0.07589265806856349,-1.3607669780876228,0
organoid_002,hindbrain,4,treated,0.7648769685079846,-0.51014868368654,-0.004560465959719595,-1.1519089041977293,0
organoid_002,hindbrain,5,treated,1.0718290593386122,-0.49917194961256145,0.010976734073978534,-0.9665260295983066,0
organoid_002,midbrain,0,treated,1.0719011097680327,1.783587856505277,0.0,0.603462115398367,0
organoid_002,midbrain,1,treated,0.7751889497153673,1.2606777062116252,-0.5229101502936517,0.16225840865698732,0
organoid_002,midbrain,2,treated,0.8925419844642308,1.0595655845286942,-0.20111212168293102,-0.7149692080300571,0
organoid_002,midbrain,3,treated,1.1908501886269975,1.2085909432437247,0.14902535871503053,0.22217129738891592,0
organoid_002,midbrain,4,treated,1.580120395830304,1.226009821234778,0.01741887799105335,0.3784349608370081,0
organoid_002,midbrain,5,treated,2.0498819891795534,1.1027198053043188,-0.1232900159304593,0.688225673852453,0
organoid_002,striatum,0,treated,0.0,-0.599881839826706,0.0,-0.35667258690251924,0
organoid_002,striatum,1,treated,0.5496122985382932,0.5701225528053914,1.1700043926320973,1.603547882447055,0
organoid_002,striatum,2,treated,0.8156724361563483,0.8346934278843586,0.26457087507896726,1.0294787147396893,0
organoid_002,striatum,3,treated,1.1087469968630597,0.9997389208491035,0.1650454929647449,1.3321507039087566,0
organoid_002,striatum,4,treated,1.4727764153453882,0.9974079602138098,-0.0023309606352936996,1.1131904041380103,0
organoid_002,striatum,5,treated,2.0881473767830934,1.1653922916602237,0.1679843314464139,0.8801559013627609,0
organoid_002,thalamus,0,treated,0.0,-0.599881839826706,0.0,-0.35667258690251924,0
organoid_002,thalamus,1,treated,0.0,-1.1123991228672065,-0.5125172830405006,-1.0510090107284265,0
organoid_002,thalamus,2,treated,0.05309427169253493,-1.3961326954333462,-0.2837335725661396,-0.8972170118389596,0
organoid_002,thalamus,3,treated,0.19505034954952896,-1.324499498471799,0.07163319696154713,-1.1124001943914665,0
organoid_002,thalamus,4,treated,0.3681417372366774,-1.3550438682278805,-0.030544369756081435,-1.800664240133001,0
organoid_002,thalamus,5,treated,0.5418160557309549,-1.3672471166854843,-0.012203248457603788,-1.0405291306738167,0
organoid_003,cortex,0,treated,0.0,-0.6197979071947755,0.0,-1.700369661918563,0
organoid_003,cortex,1,treated,0.0,-1.3393514721849513,-0.7195535649901759,-3.9343102834097508,0
organoid_003,cortex,2,treated,0.12089101947267354,-1.336215846486632,0.0031356256983192665,-2.1459684239463113,0
organoid_003,cortex,3,treated,0.24729397190092173,-1.1307510519051418,0.20546479458149025,-1.1545378977555696,0
organoid_003,cortex,4,treated,0.3945004043433833,-0.5756326360415416,0.5551184158636002,2.549556955650133,1
organoid_003,cortex,5,treated,0.5552077466067965,-0.41680211496611647,0.1588305210754251,1.5584543390354304,0
organoid_003,glia_niche,0,treated,0.5157760730038514,0.7978907935647257,0.0,1.7477921567494779,0
organoid_003,glia_niche,1,treated,0.2939470374553532,0.19865070389761974,-0.599240089667106,-3.0576466048700404,0
organoid_003,glia_niche,2,treated,0.28159303852200523,-0.30641971488582836,-0.505070418783448,-3.4366367500705017,0
organoid_003,glia_niche,3,treated,0.4328526996287794,0.07973551413969811,0.38615522902552646,-0.37713953273256157,0
organoid_003,glia_niche,4,treated,0.471692213677503,-0.2106513899187617,-0.2903869040584598,-1.1069198118918635,0
organoid_003,glia_niche,5,treated,0.6061469917164111,-0.2113062763189551,-0.0006548864001933996,-0.34567193967970966,0
organoid_003,hindbrain,0,treated,0.8371736844048054,1.6813008352143761,0.0,1.2587959344840078,0
organoid_003,hindbrain,1,treated,0.41885936735203894,0.8522223025902125,-0.8290785326241636,0.6264175807648575,0
organoid_003,hindbrain,2,treated,0.47061015430627506,0.904822656507338,0.052600353917125475,0.7981128603340262,0
organoid_003,hindbrain,3,treated,0.4963895364638681,0.49421608522151456,-0.4106065712858234,-0.013709606575844422,0
organoid_003,hindbrain,4,treated,0.5134856296158514,-0.013042172561504157,-0.5072582577830187,-0.5617033576385072,0
organoid_003,hindbrain,5,treated,0.49437557452685266,-0.6622073656995442,-0.64916519313804,-1.15172002075399,0
organoid_003,midbrain,0,treated,0.0,-0.6197979071947755,0.0,-1.2964679196409923,0
organoid_003,midbrain,1,treated,0.5159740046311353,1.3603496331383425,1.980147540333118,0.2956368783602029,0
organoid_003,midbrain,2,treated,0.5391451313171355,1.3440022923491788,-0.016347340789163667,0.42196897745737305,0
organoid_003,midbrain,3,treated,0.6044658514229787,1.1992485510482018,-0.14475374130097696,0.2084196383422193,0
organoid_003,midbrain,4,treated,0.7809364338892265,1.2515288831280702,0.052280332079868375,0.40940848468872276,0
organoid_003,midbrain,5,treated,1.047781707429674,1.5703081957036822,0.318779312575612,1.3687558563962996,0
organoid_003,striatum,0,treated,0.0,-0.6197979071947755,0.0,-1.700369661918563,0
organoid_003,striatum,1,treated,0.13678674616211114,-0.6236500482897199,-0.0038521410949444723,-0.9162085626741553,0
organoid_003,striatum,2,treated,0.3437333156824898,0.0917819842280132,0.7154320325177331,-0.08592407482090744,0
organoid_003,striatum,3,treated,0.5178703104648888,0.634345243654935,0.5425632594269219,0.6052661094522158,0
organoid_003,striatum,4,treated,0.7255255890392331,0.9895332209389813,0.3551879772840463,1.0975279485607823,0
organoid_003,striatum,5,treated,0.8614595879753649,0.8186594401442275,-0.1708737807947538,0.18943161035794248,0
organoid_003,thalamus,0,treated,0.0,-0.6197979071947755,0.0,-1.700369661918563,0
organoid_003,thalamus,1,treated,0.1703151863724424,-0.4482211191515035,0.17157678804327198,1.7256450058073471,0
organoid_003,thalamus,2,treated,0.22049051552429821,-0.6979713717120686,-0.2497502525605651,0.8992027228027242,0
organoid_003,thalamus,3,treated,0.22490660479342853,-1.2767943421592072,-0.5788229704471386,-0.7173189034097774,0
organoid_003,thalamus,4,treated,0.2113236544325204,-1.4417359055452441,-0.16494156338603694,-2.227444369969349,0
organoid_003,thalamus,5,treated,0.3861877193412909,-1.098651878863294,0.34308402668195015,-0.6189097595494649,0
organoid_004,cortex,0,control,0.0,-0.5851919243863026,0.0,0.6344265113637004,0
organoid_004,cortex,1,control,0.0,-0.9577465869359842,-0.3725546625496816,0.6369085156656855,0
organoid_004,cortex,2,control,0.003872394328372608,-1.1120199255893874,-0.1542733386534032,-0.6416631490807478,0
organoid_004,cortex,3,control,0.006062235259465212,-1.2020992225552538,-0.09007929696586636,-1.5460473178484229,0
organoid_004,cortex,4,control,0.05907148306177905,-0.9075526669378299,0.29454655561742393,0.8381922866558285,0
organoid_004,cortex,5,control,0.04587088724177648,-1.0281237475532234,-0.12057108061539357,0.10902103167973008,0
organoid_004,glia_niche,0,control,0.4771524619808785,0.5030739733786217,0.0,-0.6254010505451731,0
organoid_004,glia_niche,1,control,0.3861680973476286,0.4566858392649637,-0.046388134113658,-1.269649327155162,0
organoid_004,glia_niche,2,control,0.30615402366320676,0.35672927312376596,-0.09995656614119774,-0.11096426921571748,0
organoid_004,glia_niche,3,control,0.24183514436876283,0.13147258356719033,-0.22525668955657563,-0.23641987544364002,0
organoid_004,glia_niche,4,control,0.16203220159930198,-0.13017022033662062,-0.26164280390381095,-0.9124297471268783,0
organoid_004,glia_niche,5,control,0.23940736631769582,0.5192176500406817,0.6493878703773023,0.5414186954776935,0
organoid_004,hindbrain,0,control,0.0,-0.5851919243863026,0.0,-0.6451455834111364,0
organoid_004,hindbrain,1,control,0.15393300913860442,-0.39393036005505083,0.1912615643312518,-0.7429159767246437,0
organoid_004,hindbrain,2,control,0.18800175926602714,-0.21735802434570145,0.17657233570934938,-0.6766597076625381,0
organoid_004,hindbrain,3,control,0.22491339655120934,0.03576029039044453,0.253118314736146,-0.6313967440669872,0
organoid_004,hindbrain,4,control,0.1672858095482816,-0.0905039994819853,-0.12626428987242982,-0.6536723801154207,0
organoid_004,hindbrain,5,control,0.09546692036091378,-0.6315990429182092,-0.5410950434362239,-1.1169516397818913,0
organoid_004,midbrain,0,control,1.062319286747397,1.8376937241665892,0.0,0.6462340101953694,0
organoid_004,midbrain,1,control,0.7155278707728279,1.6630442790700894,-0.1746494450964997,0.7006952524339468,0
organoid_004,midbrain,2,control,0.4947050541787429,1.2728755027031888,-0.3901687763669006,0.13766403039443953,0
organoid_004,midbrain,3,control,0.4044483579251716,1.0512406676996482,-0.22163483500354064,-0.009442543573879456,0
organoid_004,midbrain,4,control,0.36193999795924436,1.3791899903957152,0.327949322696067,0.5643559654160638,0
organoid_004,midbrain,5,control,0.26594502200790987,0.731388572239043,-0.6478014181566722,0.14778857787085042,0
organoid_004,striatum,0,control,0.0,-0.5851919243863026,0.0,0.6344265113637004,0
organoid_004,striatum,1,control,0.3132738718292257,0.18969341559196568,0.7748853399782683,0.800556785544625,0
organoid_004,striatum,2,control,0.40368259500844533,0.8306085866968934,0.6409151711049277,1.023345758659505,0
organoid_004,striatum,3,control,0.41206905190135185,1.0943446132212686,0.2637360265243752,1.520351607824997,0
organoid_004,striatum,4,control,0.30211625614919674,0.9275038771506401,-0.16684073607062855,0.9741547411867945,0
organoid_004,striatum,5,control,0.3441835224864786,1.3569123559422207,0.4294084787915806,1.2616817938070095,0
organoid_004,thalamus,0,control,0.0,-0.5851919243863026,0.0,0.6344265113637004,0
organoid_004,thalamus,1,control,0.0,-0.9577465869359842,-0.3725546625496816,-0.40447060888656067,0
organoid_004,thalamus,2,control,0.0,-1.1308354125887596,-0.1730888256527754,-0.21458785686288723,0
organoid_004,thalamus,3,control,0.022218093357489727,-1.1107189323232969,0.020116480265462755,0.6580730330163024,0
organoid_004,thalamus,4,control,0.023190132076476435,-1.1784669807899206,-0.06774804846662374,-0.9313859387015396,0
organoid_004,thalamus,5,control,0.055918049772128844,-0.9477957877505131,0.23067119303940753,-0.382107905648562,0
organoid_005,cortex,0,treated,0.0,-0.5950283697478945,0.0,-0.029218706171398105,0
organoid_005,cortex,1,treated,0.0,-1.20186644948619,-0.6068380797382954,-2.2873866075195393,0
organoid_005,cortex,2,treated,0.20480156684450676,-0.9882775220240871,0.21358892746210278,0.18862113826425145,0
organoid_005,cortex,3,treated,0.47447530290581513,-0.6768494144005421,0.311428107623545,1.3361603956889492,0
organoid_005,cortex,4,treated,0.745108262835269,-0.5746740645221771,0.10217534987836507,2.554499307054822,1
organoid_005,cortex,5,treated,1.0422382267434034,-0.6115060051821014,-0.036831940659924345,1.0968146905962528,0
organoid_005,glia_niche,0,treated,0.4806659490888872,0.5771559031682661,0.0,-0.029062169849416366,0
organoid_005,glia_niche,1,treated,0.5721658715821232,0.6864119605331392,0.1092560573648731,0.32218691197849103,0
organoid_005,glia_niche,2,treated,0.6462037194795627,0.4958462661604646,-0.19056569437267462,0.5867033194057428,0
organoid_005,glia_niche,3,treated,0.7960430852906929,0.29495216801299773,-0.2008940981474669,0.20822825309386406,0
organoid_005,glia_niche,4,treated,1.0088192603570993,0.049872847169686055,-0.2450793208433117,-0.4773393024726246,0
organoid_005,glia_niche,5,treated,1.425508677017533,0.062322997080074556,0.012450149910388501,-0.013398132924602674,0
organoid_005,hindbrain,0,treated,0.0,-0.5950283697478945,0.0,-0.6534085776929895,0
organoid_005,hindbrain,1,treated,0.3438054626351272,-0.0672296866441793,0.5277986831037152,-0.3839212814789673,0
organoid_005,hindbrain,2,treated,0.3632241653240781,-0.455614177303306,-0.3883844906591267,-0.989776520786756,0
organoid_005,hindbrain,3,treated,0.5118551922284784,-0.563884628796711,-0.10827045149340497,-1.439310959177525,0
organoid_005,hindbrain,4,treated,0.7648424638254686,-0.5279375446236643,0.035947084173046706,-1.1730292962205582,0
organoid_005,hindbrain,5,treated,1.05475511044804,-0.5895000319793814,-0.06156248735571712,-1.0691308408009588,0
organoid_005,midbrain,0,treated,0.9833182521398983,1.802957575823312,0.0,0.6187743104102744,0
organoid_005,midbrain,1,treated,0.6789961563689778,1.0389763659238935,-0.7639812098994185,-0.13441675766613084,0
organoid_005,midbrain,2,treated,0.8567016109070612,1.2036020534063208,0.16462568748242723,-0.13923282426801825,0
organoid_005,midbrain,3,treated,1.0910695411448625,1.1865439018819914,-0.017058151524329324,0.18971886021332116,0
organoid_005,midbrain,4,treated,1.5154897986251588,1.2498209831755618,0.06327708129357035,0.4073355370178185,0
organoid_005,midbrain,5,treated,2.0611255139500533,1.179802987371385,-0.07001799580417689,0.8004128731932185,0
organoid_005,striatum,0,treated,0.0,-0.5950283697478945,0.0,-0.029218706171398105,0
organoid_005,striatum,1,treated,0.590092596782578,0.7455742591595256,1.34060262890742,1.9738827079303891,0
organoid_005,striatum,2,treated,0.764656329472464,0.8941187603328234,0.14854450117329787,1.118699552767653,0
organoid_005,striatum,3,treated,1.0430823800997846,1.0415231579091861,0.1474043975763627,1.415272881728912,0
organoid_005,striatum,4,treated,1.4463883420823962,1.0861679626995415,0.044644804790355375,1.2897295310156685,0
organoid_005,striatum,5,treated,2.061142450592243,1.1798327637360906,0.09366480103654906,0.9089226732240591,0
organoid_005,thalamus,0,treated,0.0,-0.5950283697478945,0.0,-0.029218706171398105,0
organoid_005,thalamus,1,treated,0.0,-1.20186644948619,-0.6068380797382954,-1.425034965239941,0
organoid_005,thalamus,2,treated,0.15679926221129398,-1.1496753805722164,0.052191068913973515,-0.2630644612458174,0
organoid_005,thalamus,3,treated,0.2741374545991449,-1.2822851846069214,-0.13260980403470501,-0.7627925857221317,0
organoid_005,thalamus,4,treated,0.445916461926664,-1.2832501838989487,-0.0009649992920273132,-1.4472278823373776,0
organoid_005,thalamus,5,treated,0.6955880935750198,-1.2209527110260687,0.06229747287288001,-0.8108878465868441,0
organoid_006,cortex,0,treated,0.0,-0.5930248992484121,0.0,0.10595142557617608,0
organoid_006,cortex,1,treated,0.07574864913323588,-1.137988387035633,-0.544963487787221,-1.5221956699559576,0
organoid_006,cortex,2,treated,0.24099056872637936,-1.1157506071787855,0.022237779856847606,-0.6666952012756113,0
organoid_006,cortex,3,treated,0.4035302933091921,-1.016669030955924,0.0990815762228614,-0.5285346595803405,0
organoid_006,cortex,4,treated,0.562219020665526,-0.5739852349127793,0.4426837960431448,2.558050881370169,1
organoid_006,cortex,5,treated,0.7995828133743329,-0.30830350564487247,0.26568172926790684,1.8157027165980824,0
organoid_006,glia_niche,0,treated,0.5158026081611726,0.5616069962895562,0.0,-0.1542265351733414,0
organoid_006,glia_niche,1,treated,0.3776418498434818,0.1736382525549795,-0.38796874373457674,-3.2309648425044197,0
organoid_006,glia_niche,2,treated,0.3880722704410629,-0.19929745480438377,-0.37293570735936327,-2.8994217970490017,0
organoid_006,glia_niche,3,treated,0.46118225579923644,-0.5530019663732566,-0.35370451156887284,-2.098122232311696,0
organoid_006,glia_niche,4,treated,0.5207025489779133,-0.8081470694194628,-0.2551451030462062,-2.5508224540407998,0
organoid_006,glia_niche,5,treated,0.7202565839860754,-0.5926839001181956,0.2154631693012672,-0.8087868443711903,0
organoid_006,hindbrain,0,treated,1.0737106778597176,1.810492600704092,0.0,1.367322010750574,0
organoid_006,hindbrain,1,treated,0.6152374767743827,1.2059130868329073,-0.6045795138711847,1.0150703312314113,0
organoid_006,hindbrain,2,treated,0.6543471280558543,1.459837772856356,0.25392468602344875,1.527515070139264,0
organoid_006,hindbrain,3,treated,0.6497963656538884,0.9639307949404856,-0.49590697791587046,0.6191469038118207,0
organoid_006,hindbrain,4,treated,0.6949782765232222,0.1748055374171309,-0.7891252575233547,-0.33867517784878,0
organoid_006,hindbrain,5,treated,0.7619384918651457,-0.44325643461955955,-0.6180619720366904,-0.9030108889152861,0
organoid_006,midbrain,0,treated,0.0,-0.5930248992484121,0.0,-1.2753032598955953,0
organoid_006,midbrain,1,treated,0.5591071130052434,0.9620451221476857,1.5550700213960977,-0.23736421622966306,0
organoid_006,midbrain,2,treated,0.5747887986527346,0.9641168168902127,0.002071694742526997,-1.0964929203435745,0
organoid_006,midbrain,3,treated,0.6969819467269449,1.3434217770653292,0.3793049601751165,0.42063734515182866,0
organoid_006,midbrain,4,treated,0.8992753194752118,1.3270848236215582,-0.016336953443770952,0.5011138042180795,0
organoid_006,midbrain,5,treated,1.2604801924536813,1.3439895566257496,0.016904733004191375,1.0393707221049284,0
organoid_006,striatum,0,treated,0.0,-0.5930248992484121,0.0,0.10595142557617608,0
organoid_006,striatum,1,treated,0.07620543275696226,-1.1360038124642324,-0.5429789132158204,-1.997659668417855,0
organoid_006,striatum,2,treated,0.35374067151703853,-0.41321462936230297,0.7227891831019295,-0.8441229642404274,0
organoid_006,striatum,3,treated,0.5552120960005766,0.2032349092901094,0.6164495386524124,-0.2523498815171025,0
organoid_006,striatum,4,treated,0.8401036583343922,0.9933439212684246,0.7901090119783152,1.10510723754357,0
organoid_006,striatum,5,treated,1.2006449314677465,1.1294832671699546,0.13613934590152998,0.8086217638466002,0
organoid_006,thalamus,0,treated,0.0,-0.5930248992484121,0.0,0.10595142557617608,0
organoid_006,thalamus,1,treated,0.3221157781102163,-0.0676042620357063,0.5254206372127057,3.31684694137186,1
organoid_006,thalamus,2,treated,0.30840585290869066,-0.6956918984010955,-0.6280876363653891,0.9050679729981875,0
organoid_006,thalamus,3,treated,0.4129492995987085,-0.94091648396674,-0.24522458556564453,2.064331301388283,1
organoid_006,thalamus,4,treated,0.46663459271291513,-1.1131019779748712,-0.1721854940081312,-0.609597626286685,0
organoid_006,thalamus,5,treated,0.5705905057973272,-1.1292289834130762,-0.016127005438205,-0.6669072582974404,0
organoid_007,cortex,0,treated,0.0,-0.5877232151804866,0.0,0.46364540416513633,0
organoid_007,cortex,1,treated,0.01780331444101373,-1.157727927384232,-0.5700047122037454,-1.7586542725961023,0
organoid_007,cortex,2,treated,0.272344542642071,-0.8810612592829665,0.2766666681012655,0.908018658733689,0
organoid_007,cortex,3,treated,0.492953659412767,-0.6627403318740334,0.21832092740893316,1.4135812835360153,0
organoid_007,cortex,4,treated,0.6983006893245858,-0.7004098999718049,-0.037669568097771555,1.906211025585573,0
organoid_007,cortex,5,treated,1.2486059499767985,-0.4987643727591456,0.20164552721265933,1.3641232045579292,0
organoid_007,glia_niche,0,treated,0.46615123269469994,0.5216203571370087,0.0,-0.4761078320391875,0
organoid_007,glia_niche,1,treated,0.5600687428941712,0.5378900239557037,0.016269666818695017,-0.7069629280359105,0
organoid_007,glia_niche,2,treated,0.7273864501318298,0.5064966229243547,-0.03139340103134902,0.6401145422853327,0
organoid_007,glia_niche,3,treated,0.8192634807925101,0.10734093340173326,-0.3991556895226215,-0.3020555517329274,0
organoid_007,glia_niche,4,treated,1.1484586065295812,0.10964368254181713,0.002302749140083868,-0.33289764359839025,0
organoid_007,glia_niche,5,treated,1.6883875921631508,0.1435140447218858,0.03387036218006868,0.08519387128336357,0
organoid_007,hindbrain,0,treated,0.0,-0.5877232151804866,0.0,-0.6472719655125122,0
organoid_007,hindbrain,1,treated,0.29816437452087774,-0.2810626978043661,0.30666051737612054,-0.6188914634301198,0
organoid_007,hindbrain,2,treated,0.5034996366498979,-0.17620074550676398,0.10486195229760212,-0.6225707121552279,0
organoid_007,hindbrain,3,treated,0.547199064723626,-0.5347228232972095,-0.35852207779044554,-1.4000206451142079,0
organoid_007,hindbrain,4,treated,0.838266592664147,-0.44854299483341237,0.08617982846379718,-1.0787655869266908,0
organoid_007,hindbrain,5,treated,1.208994493976301,-0.5566148622603386,-0.10807186742692626,-1.0317761605954483,0
organoid_007,midbrain,0,treated,1.0156326334199521,1.8292725035849378,0.0,0.6395768475557192,0
organoid_007,midbrain,1,treated,0.8012940944302068,1.2921812159086155,-0.5370912876763223,0.2044156142335823,0
organoid_007,midbrain,2,treated,0.9687113492066448,1.2423678918616714,-0.04981332404694405,0.015720319333059028,0
organoid_007,midbrain,3,treated,1.2896197621043581,1.2173674680352324,-0.025000423826438967,0.23509002034785273,0
organoid_007,midbrain,4,treated,1.7836041830209002,1.2525802609962973,0.03521279296106483,0.41068458479047676,0
organoid_007,midbrain,5,treated,2.389323641076002,1.1671950106053768,-0.08538525039092049,0.7820631688244853,0
organoid_007,striatum,0,treated,0.0,-0.5877232151804866,0.0,0.46364540416513633,0
organoid_007,striatum,1,treated,0.6065704770048121,0.683296998085257,1.2710202132657438,1.8424309307389624,0
organoid_007,striatum,2,treated,0.7881776141889136,0.6918669316093048,0.00856993352404778,0.8150398691293718,0
organoid_007,striatum,3,treated,1.2457884209396015,1.1139268344675142,0.4220599028582094,1.559306893144758,0
organoid_007,striatum,4,treated,1.6744898073688539,1.056230296855988,-0.057696537611526155,1.2301850375415315,0
organoid_007,striatum,5,treated,2.344923376022326,1.1023507123471752,0.04612041549118717,0.7545711752993276,0
organoid_007,thalamus,0,treated,0.0,-0.5877232151804866,0.0,0.46364540416513633,0
organoid_007,thalamus,1,treated,0.044395118891752273,-1.0745776127609783,-0.48685439758049165,-0.8928928922174332,0
organoid_007,thalamus,2,treated,0.10758256726496376,-1.3834694416056001,-0.30889182884462185,-0.8646335410736534,0
organoid_007,thalamus,3,treated,0.24785230561859528,-1.2411720807332367,0.14229736087236344,-0.42230490241498636,0
organoid_007,thalamus,4,treated,0.38204874576398007,-1.2695013455888844,-0.028329264855647684,-1.3795431078108829,0
organoid_007,thalamus,5,treated,0.6604878550533783,-1.3576805326549521,-0.08817918706606775,-1.0255122704514796,0
organoid_008,cortex,0,control,0.0,-0.5871506727274114,0.0,0.5022736938421009,0
organoid_008,cortex,1,control,0.0,-1.0572790696200542,-0.47012839689264285,-0.5553842812864014,0
organoid_008,cortex,2,control,0.045498179425551344,-0.983976232862122,0.07330283675793225,0.21748184165783302,0
organoid_008,cortex,3,control,0.08411457045589464,-0.7936332793593208,0.19034295350280117,0.6953313060346128,0
organoid_008,cortex,4,control,0.06323597014649734,-1.0704167765653847,-0.2767834972060639,-0.0015276974354640272,0
organoid_008,cortex,5,control,0.047534952243613884,-1.5736213191115542,-0.5032045425461695,-1.1843445342535728,0
organoid_008,glia_niche,0,control,0.4769244299673391,0.5173960820457908,0.0,-0.51011206879167,0
organoid_008,glia_niche,1,control,0.38490885525802937,0.6078494031278248,0.09045332108203397,-0.22219491637618544,0
organoid_008,glia_niche,2,control,0.35626103967383976,0.5587527171566248,-0.04909668597119998,0.9021773029732834,0
organoid_008,glia_niche,3,control,0.23733619846625678,0.28140202340477094,-0.27735069375185384,0.17137321421004634,0
organoid_008,glia_niche,4,control,0.27906860584299986,0.6115897679975226,0.3301877445927517,0.8801007158398865,0
organoid_008,glia_niche,5,control,0.2708435102963582,0.9439050761516098,0.33231530815408716,1.057125607980158,0
organoid_008,hindbrain,0,control,0.0,-0.5871506727274114,0.0,-0.6467910077231921,0
organoid_008,hindbrain,1,control,0.20923468059571987,-0.15212290242123924,0.4350277703061721,-0.4772061033562182,0
organoid_008,hindbrain,2,control,0.2767868196926225,0.16421657520187669,0.31633947762311593,-0.17519344500216874,0
organoid_008,hindbrain,3,control,0.22979638076406558,0.22850106998510747,0.06428449478323078,-0.3717130367871895,0
organoid_008,hindbrain,4,control,0.21300432859684074,0.09674387209643912,-0.13175719788866835,-0.4313563775813127,0
organoid_008,hindbrain,5,control,0.2603691380697039,0.825819550077928,0.7290756779814889,0.538548572990622,0
organoid_008,midbrain,0,control,1.044205383788486,1.8312066088638546,0.0,0.6411058009038846,0
organoid_008,midbrain,1,control,0.5992392364999927,1.5350497403132501,-0.2961568685506044,0.5294161748025095,0
organoid_008,midbrain,2,control,0.5446098861919175,1.4937782797155488,-0.04127146059770137,1.0206471178800254,0
organoid_008,midbrain,3,control,0.44114161681430797,1.7113438825523732,0.21756560283682447,0.962205205343485,0
organoid_008,midbrain,4,control,0.3930461968671664,1.499829182845521,-0.21151469970685222,0.7107806623904402,0
organoid_008,midbrain,5,control,0.22759369293227838,0.4563171495900821,-1.0435120332554388,-0.2525515702410642,0
organoid_008,striatum,0,control,0.0,-0.5871506727274114,0.0,0.5022736938421009,0
organoid_008,striatum,1,control,0.2730124627387791,0.12378189822027272,0.7109325709476841,0.6614339990502063,0
organoid_008,striatum,2,control,0.2388340237000518,-0.024193574791961697,-0.1479754730122344,-0.2600490841424336,0
organoid_008,striatum,3,control,0.14985893367273642,-0.3323569417193754,-0.3081633669274137,-1.3178129415370987,0
organoid_008,striatum,4,control,0.19634177970339894,-0.03310913274421244,0.29924780897516295,-0.9364556383185196,0
organoid_008,striatum,5,control,0.20383256507905834,0.18843997070661447,0.2215491034508269,-1.0660245551062222,0
organoid_008,thalamus,0,control,0.0,-0.5871506727274114,0.0,0.5022736938421009,0
organoid_008,thalamus,1,control,0.0,-1.0572790696200542,-0.47012839689264285,-0.8205748253381453,0
organoid_008,thalamus,2,control,0.0002550961462664675,-1.2085777644199662,-0.15129869479991198,-0.4146245680095953,0
organoid_008,thalamus,3,control,0.04112506132621737,-1.0952567548635546,0.11332100955641167,0.7861266335988989,0
organoid_008,thalamus,4,control,0.05884489188321623,-1.1046369136298855,-0.009380158766330915,-0.5679245802720834,0
organoid_008,thalamus,5,control,0.11253199792708819,-0.8408604274146796,0.2637764862152059,-0.21424931015999657,0
organoid_009,cortex,0,treated,0.0,-0.599777059748472,0.0,-0.3496032854163882,0
organoid_009,cortex,1,treated,0.0,-1.325792351490685,-0.7260152917422131,-3.7718865047515595,0
organoid_009,cortex,2,treated,0.11777240446102445,-1.3234803394264671,0.0023120120642179387,-2.060515975159456,0
organoid_009,cortex,3,treated,0.2552129293025244,-1.2896097843358694,0.033870555090597776,-2.0262447634527945,0
organoid_009,cortex,4,treated,0.5285734825188729,-0.9484520144970796,0.34115776983878976,0.627317100217657,0
organoid_009,cortex,5,treated,0.8561201733771703,-0.6396092757329597,0.30884273876411994,1.0301823088667572,0
organoid_009,glia_niche,0,treated,0.5141229110609815,0.6150843840983805,0.0,0.2762515271422682,0
organoid_009,glia_niche,1,treated,0.2798445947955968,-0.12923652855206427,-0.7443209126504448,-5.329668506782301,0
organoid_009,glia_niche,2,treated,0.32833030541177205,-0.3928157080451954,-0.26357917949313114,-3.8699100900006655,0
organoid_009,glia_niche,3,treated,0.48597035181596115,-0.32778083421410903,0.06503487383108636,-1.4855432655792475,0
organoid_009,glia_niche,4,treated,0.6883603218034238,-0.3160103149020615,0.011770519312047534,-1.361529234816033,0
organoid_009,glia_niche,5,treated,0.9902805268848628,-0.2627561891383676,0.05325412576369387,-0.4081486556295946,0
organoid_009,hindbrain,0,treated,1.0088118870130922,1.7840238548955074,0.0,1.3450872412556756,0
organoid_009,hindbrain,1,treated,0.6304380134353896,1.3698261811058259,-0.41419767378968153,1.1951860644220735,0
organoid_009,hindbrain,2,treated,0.6373675213049969,0.9731268916563399,-0.39669928944948596,0.8878784515569665,0
organoid_009,hindbrain,3,treated,0.6835609870808693,0.49580434541179014,-0.4773225462445498,-0.011569710207244796,0
organoid_009,hindbrain,4,treated,0.7673996481560386,-0.0031699951541126342,-0.4989743405659028,-0.5499823004162381,0
organoid_009,hindbrain,5,treated,0.9518184300558091,-0.37079525975767585,-0.3676252646035632,-0.8207013239227168,0
organoid_009,midbrain,0,treated,0.0,-0.599777059748472,0.0,-1.2806409933253382,0
organoid_009,midbrain,1,treated,0.5163590090048491,0.8820486804322565,1.4818257401807284,-0.3444134457037886,0
organoid_009,midbrain,2,treated,0.7319982201183151,1.3913940002795855,0.509345319847329,0.6114010758472646,0
organoid_009,midbrain,3,treated,0.9266854747278087,1.509180938698752,0.11778693841916654,0.6646287583726819,0
organoid_009,midbrain,4,treated,1.176691099696765,1.6168193756923792,0.10763843699362718,0.8527764200601745,0
organoid_009,midbrain,5,treated,1.5235366170634141,1.2351468669804326,-0.3816725087119466,0.8809605969313167,0
organoid_009,striatum,0,treated,0.0,-0.599777059748472,0.0,-0.3496032854163882,0
organoid_009,striatum,1,treated,0.13359865299626938,-0.7545529952465329,-0.1547759354980609,-1.1925120596527308,0
organoid_009,striatum,2,treated,0.3490448112421259,-0.3012577192648983,0.45329527598163455,-0.6760315303292338,0
organoid_009,striatum,3,treated,0.6528635382045563,0.36785311982379726,0.6691108390886955,0.07512825691919894,0
organoid_009,striatum,4,treated,0.9297705943151772,0.6394996866140122,0.271646566790215,0.401329066214374,0
organoid_009,striatum,5,treated,1.516160415035024,1.2144272994698662,0.5749276128558539,0.9778382261140643,0
organoid_009,thalamus,0,treated,0.0,-0.599777059748472,0.0,-0.3496032854163882,0
organoid_009,thalamus,1,treated,0.30017852314187055,-0.04229298624880108,0.5574840734996709,3.422662935253281,1
organoid_009,thalamus,2,treated,0.33870330234328405,-0.3469671251993641,-0.30467413895056306,1.8023621129814151,0
organoid_009,thalamus,3,treated,0.3833665329833778,-0.7554477853843601,-0.40848066018499596,3.60033324617762,1
organoid_009,thalamus,4,treated,0.5184081514493201,-0.9886867377531372,-0.23323895236877712,0.002891755881947392,0
organoid_009,thalamus,5,treated,0.6650169576980907,-1.1764134418212955,-0.18772670406815828,-0.7409736559082807,0
organoid_010,cortex,0,treated,0.0,-0.5866910846572121,0.0,0.5332811781122713,0
organoid_010,cortex,1,treated,0.0,-1.2128452144884054,-0.6261541298311933,-2.4189004819711633,0
organoid_010,cortex,2,treated,0.25560742964542893,-0.8392699565783724,0.373575257910033,1.1884290999693172,0
organoid_010,cortex,3,treated,0.4935425833050308,-0.5627392392984202,0.27653071727995227,1.9623181243854673,0
organoid_010,cortex,4,treated,0.7248245124056746,-0.41332363157082064,0.14941560772759954,3.3864148426561225,1
organoid_010,cortex,5,treated,0.9782515623683442,-0.39498952467053494,0.018334106900285696,1.6101716237000046,0
organoid_010,glia_niche,0,treated,0.47171948463077223,0.5140177578525501,0.0,-0.5373066366673326,0
organoid_010,glia_niche,1,treated,0.48390119363892264,0.5449733331059833,0.030955575253433176,-0.6578807072760026,0
organoid_010,glia_niche,2,treated,0.6002699355233327,0.4159324090246342,-0.1290409240813491,0.1859376991289508,0
organoid_010,glia_niche,3,treated,0.7941719768577636,0.4533303312553695,0.03739792223073529,0.6390010258878431,0
organoid_010,glia_niche,4,treated,0.9320822318517885,0.1918295697984772,-0.2615007614568923,-0.1342879735562376,0
organoid_010,glia_niche,5,treated,1.1620096103130562,0.022163177317809996,-0.1696663924806672,-0.062165050386489784,0
organoid_010,hindbrain,0,treated,0.0,-0.5866910846572121,0.0,-0.646404935981169,0
organoid_010,hindbrain,1,treated,0.34991168217962315,0.05824329085274026,0.6449343755099524,-0.24604543063422482,0
organoid_010,hindbrain,2,treated,0.4765172476025546,-0.03475388257599161,-0.09299717342873187,-0.43668090239580315,0
organoid_010,hindbrain,3,treated,0.4960540912502402,-0.5542508251444539,-0.5194969425684622,-1.4263311328383095,0
organoid_010,hindbrain,4,treated,0.6321640471019058,-0.6838746024528648,-0.1296237773084109,-1.358170537353429,0
organoid_010,hindbrain,5,treated,0.8495104431151215,-0.6872472317704926,-0.003372629317627829,-1.1801631213206096,0
organoid_010,midbrain,0,treated,1.0368735532570703,1.832746580776298,0.0,0.6423231830377721,0
organoid_010,midbrain,1,treated,0.6453281294287202,1.1313725103404375,-0.7013740704358604,-0.010774557412324293,0
organoid_010,midbrain,2,treated,0.8621537579128391,1.369668854882524,0.23829634454208648,0.5245622582542322,0
organoid_010,midbrain,3,treated,1.0096843547791952,1.1817207480934517,-0.18794810678907226,0.18261935453622422,0
organoid_010,midbrain,4,treated,1.25636199798401,1.1386649356349823,-0.043055812458469456,0.2724209189116781,0
organoid_010,midbrain,5,treated,1.6301044305014498,1.0847942904165282,-0.05387064521845408,0.6621368013114525,0
organoid_010,striatum,0,treated,0.0,-0.5866910846572121,0.0,0.5332811781122713,0
organoid_010,striatum,1,treated,0.5241280390805766,0.6911012946776499,1.277792379334862,1.858903855833976,0
organoid_010,striatum,2,treated,0.6235602090350898,0.5007516333642106,-0.19034966131343933,0.5281005056150152,0
organoid_010,striatum,3,treated,0.9233343503915165,0.8898743293562345,0.38912269599202387,1.1135949816377577,0
organoid_010,striatum,4,treated,1.2459563068930768,1.1082822927449287,0.21840796338869428,1.333713807811116,0
organoid_010,striatum,5,treated,1.7034880664087642,1.2513839029143465,0.1431016101694178,1.0514592389501016,0
organoid_010,thalamus,0,treated,0.0,-0.5866910846572121,0.0,0.5332811781122713,0
organoid_010,thalamus,1,treated,0.0,-1.2128452144884054,-0.6261541298311933,-1.470932648947414,0
organoid_010,thalamus,2,treated,0.09825273420748726,-1.4123290581170045,-0.19948384362859906,-0.9388914280029143,0
organoid_010,thalamus,3,treated,0.2434703443244853,-1.4079353442621816,0.0043937138548229004,-1.80339345836936,0
organoid_010,thalamus,4,treated,0.40690832199865024,-1.3415785641547047,0.06635678010747692,-1.7343752890543895,0
organoid_010,thalamus,5,treated,0.5901155438403,-1.2761046142076589,0.0654739499470458,-0.8974609032213281,0
organoid_011,cortex,0,treated,0.0,-0.5735942357302984,0.0,1.416899277498461,0
organoid_011,cortex,1,treated,0.0027905273204275926,-1.140304857766958,-0.5667106220366595,-1.5499445142812376,0
organoid_011,cortex,2,treated,0.2633632581965409,-0.8119857022601092,0.32831915550684865,1.3715004401055566,0
organoid_011,cortex,3,treated,0.6120438791711728,-0.429177487066661,0.38280821519344826,2.695212656738264,1
organoid_011,cortex,4,treated,0.8344645619990801,-0.6112216902638862,-0.1820442031972252,2.3660614015114505,1
organoid_011,cortex,5,treated,1.2874937710811327,-0.44515114506989906,0.16607054519398712,1.4912392655400606,0
organoid_011,glia_niche,0,treated,0.4679371263688206,0.42197269914049024,0.0,-1.278243697051494,0
organoid_011,glia_niche,1,treated,0.6445665437045353,0.7734978372224504,0.3515251380819601,0.9256291921401867,0
organoid_011,glia_niche,2,treated,0.7800370866427571,0.6782743313743531,-0.09522350584809725,1.5015746487556918,0
organoid_011,glia_niche,3,treated,0.9244579959716868,0.3566448987826864,-0.3216294325916667,0.3760263140817397,0
organoid_011,glia_niche,4,treated,1.2631341420909925,0.2840328546850791,-0.0726120440976073,0.08852964878009151,0
organoid_011,glia_niche,5,treated,1.5914848962289767,0.019727027133195095,-0.26430582755188403,-0.06512331901620877,0
organoid_011,hindbrain,0,treated,0.0,-0.5735942357302984,0.0,-0.6354030766900126,0
organoid_011,hindbrain,1,treated,0.3138066916179328,-0.21284175814625111,0.3607524775840473,-0.5439269548288845,0
organoid_011,hindbrain,2,treated,0.4372302840336884,-0.3104950799245452,-0.09765332177829411,-0.7990606516239307,0
organoid_011,hindbrain,3,treated,0.5190863913261463,-0.6629955860342688,-0.35250050610972355,-1.5728452369864294,0
organoid_011,hindbrain,4,treated,0.8378920069284407,-0.6040636464159547,0.05893193961831411,-1.2634124364736548,0
organoid_011,hindbrain,5,treated,1.1533489519609108,-0.6502919967733645,-0.0462283503574098,-1.1381852024887713,0
organoid_011,midbrain,0,treated,1.1496700618662403,1.8724042437807036,0.0,0.6736734498986119,0
organoid_011,midbrain,1,treated,0.791921752403512,1.2129171803099679,-0.6594870634707357,0.09834647223312855,0
organoid_011,midbrain,2,treated,0.9034963344908178,1.0343720718072977,-0.17854510850267014,-0.8156716344468213,0
organoid_011,midbrain,3,treated,1.2185229312581674,1.0963131679633955,0.061941096156097775,0.05690252555158809,0
organoid_011,midbrain,4,treated,1.6071931464363254,1.0025825294829303,-0.09373063848046526,0.1072521650454854,0
organoid_011,midbrain,5,treated,2.3171471597213813,1.1294454326460006,0.12686290316307036,0.7271222684362058,0
organoid_011,striatum,0,treated,0.0,-0.5735942357302984,0.0,1.416899277498461,0
organoid_011,striatum,1,treated,0.5580017136968259,0.5153579243390425,1.0889521600693408,1.4879534003688417,0
organoid_011,striatum,2,treated,0.8332962631704979,0.8318915998206045,0.31653367548156197,1.0252720668749054,0
organoid_011,striatum,3,treated,1.1964073760290552,1.0406854051961296,0.20879380537552517,1.4136063243167503,0
organoid_011,striatum,4,treated,1.7131764056415957,1.2239231584859926,0.18323775328986303,1.56371760341247,0
organoid_011,striatum,5,treated,2.3753307902779865,1.2184227006900594,-0.005500457795933222,0.9857974392749507,0
organoid_011,thalamus,0,treated,0.0,-0.5735942357302984,0.0,1.416899277498461,0
organoid_011,thalamus,1,treated,0.0,-1.1486263259582523,-0.5750320902279539,-1.2024599898452635,0
organoid_011,thalamus,2,treated,0.05185118647415649,-1.4220572208175997,-0.27343089485934735,-0.9639226963693801,0
organoid_011,thalamus,3,treated,0.22549593045734898,-1.4014703988412816,0.020586821976318115,-1.7498525168770216,0
organoid_011,thalamus,4,treated,0.5069336890607321,-1.2952532059741617,0.10621719286711984,-1.5063180995961423,0
organoid_011,thalamus,5,treated,0.7467049341711147,-1.2721520186259914,0.02310118734817035,-0.8912564340841844,0
organoid_012,cortex,0,control,0.0,-0.6195745757654632,0.0,-1.685301938819413,0
organoid_012,cortex,1,control,0.0,-1.1378002105226592,-0.5182256347571961,-1.5199415163879566,0
organoid_012,cortex,2,control,0.039679267398464876,-0.9269609098983234,0.21083930062433587,0.6000421074260764,0
organoid_012,cortex,3,control,0.0816135332407113,-1.0251234492390315,-0.09816253934070818,-0.574926660511574,0
organoid_012,cortex,4,control,0.062258807851001526,-0.9771082596815467,0.04801518955748485,0.4795667959581994,0
organoid_012,cortex,5,control,0.034417163892313536,-1.5132472498927851,-0.5361389902112385,-1.0411986317342252,0
organoid_012,glia_niche,0,control,0.5436643156652351,0.795568188920629,0.0,1.7290958369088327,0
organoid_012,glia_niche,1,control,0.30778211578913284,0.7903311824259273,-0.0052370064947017125,1.0422721266607258,0
organoid_012,glia_niche,2,control,0.16211495005494125,0.10975598006766263,-0.6805752023582646,-1.3495279993482343,0
organoid_012,glia_niche,3,control,0.20537847324050623,0.6813844025041372,0.5716284224364746,1.2592853037680456,0
organoid_012,glia_niche,4,control,0.22943762401363624,0.8000493312344464,0.1186649287303092,1.3355303877722833,0
organoid_012,glia_niche,5,control,0.09451473521118632,-0.30332663213516503,-1.1033759633696114,-0.4574142015590629,0
organoid_012,hindbrain,0,control,0.8844909043283903,1.6827301141412234,0.0,1.2599965840241178,0
organoid_012,hindbrain,1,control,0.399813372629811,1.3668700595860253,-0.31586005455519817,1.1919377333640737,0
organoid_012,hindbrain,2,control,0.2738849005424622,1.0561614147168699,-0.3107086448691554,0.9970026228207779,0
organoid_012,hindbrain,3,control,0.26418384635336,1.49221040009229,0.43604898537542014,1.3309091299200264,0
organoid_012,hindbrain,4,control,0.3026212487567157,1.578011738363753,0.08580133827146308,1.327326100007508,0
organoid_012,hindbrain,5,control,0.1731492748256882,1.2797914316989107,-0.29822030666484234,1.0542209750225255,0
organoid_012,midbrain,0,control,0.0,-0.6195745757654632,0.0,-1.2962913711664497,0
organoid_012,midbrain,1,control,0.24840454840579693,0.41835456053809905,1.0379291363035623,-0.9649172728981232,0
organoid_012,midbrain,2,control,0.29901390454907817,1.268939767533966,0.8505852069958669,0.12193227890517892,0
organoid_012,midbrain,3,control,0.14912929944646303,-0.09419595760236676,-1.3631357251363327,-1.6954832921415366,0
organoid_012,midbrain,4,control,0.11978493370394877,-0.3655894465796536,-0.2713934889772868,-1.553353836500408,0
organoid_012,midbrain,5,control,0.08102345271764888,-0.5749412829554597,-0.20935183637580607,-1.7534495902939038,0
organoid_012,striatum,0,control,0.0,-0.6195745757654632,0.0,-1.685301938819413,0
organoid_012,striatum,1,control,0.07388630317354843,-0.6749321835985765,-0.05535760783311339,-1.0244523696148828,0
organoid_012,striatum,2,control,0.10319290656360285,-0.38916293273140556,0.285769250867171,-0.8080118910501511,0
organoid_012,striatum,3,control,0.16043768099913022,0.061727375048755195,0.45089030778016076,-0.5338535118738825,0
organoid_012,striatum,4,control,0.13843018106139277,-0.16738525039995894,-0.22911262544871414,-1.2035240014055733,0
organoid_012,striatum,5,control,0.1434433311064977,0.681733423912013,0.8491186743119719,-0.08333782890514792,0
organoid_012,thalamus,0,control,0.0,-0.6195745757654632,0.0,-1.685301938819413,0
organoid_012,thalamus,1,control,0.05985647759398502,-0.7628234084288155,-0.1432488326633523,0.4104227231568797,0
organoid_012,thalamus,2,control,0.017031053469837604,-1.1187333196887694,-0.35590991125995397,-0.18344829387459327,0
organoid_012,thalamus,3,control,0.07502248605086433,-1.1160027708037836,0.002730548884985806,0.6143137019592858,0
organoid_012,thalamus,4,control,0.07252477910400533,-0.8679781129370409,0.24802465786674277,0.5971336743500744,0
organoid_012,thalamus,5,control,0.13093908119288467,0.42999030937248645,1.2979684223095274,1.7806307658294114,0
organoid_013,cortex,0,treated,0.0,-0.6039324738966947,0.0,-0.6299607341664928,0
organoid_013,cortex,1,treated,0.0,-1.1789110012648365,-0.5749785273681418,-2.0124048646045027,0
organoid_013,cortex,2,treated,0.168543837520711,-0.9337338691896413,0.2451771320751952,0.5545970415765108,0
organoid_013,cortex,3,treated,0.33972743030494523,-0.9298929378461941,0.003840931343447207,-0.052367470124019176,0
organoid_013,cortex,4,treated,0.6643669989530824,-0.7042949245458755,0.2255980133003186,1.8861800145728136,0
organoid_013,cortex,5,treated,1.017455786490827,-0.5883900082095731,0.1159049163363024,1.1516223305662678,0
organoid_013,glia_niche,0,treated,0.5432113891708821,0.6496594284386363,0.0,0.5545709945268296,0
organoid_013,glia_niche,1,treated,0.5796297992573967,0.6948364915373905,0.04517706309875413,0.3805628322971784,0
organoid_013,glia_niche,2,treated,0.6780912745984801,0.5396115000562538,-0.15522499148113666,0.8061846676654394,0
organoid_013,glia_niche,3,treated,0.7885364183518173,0.27467828758684654,-0.26493321246940726,0.15308532487905935,0
organoid_013,glia_niche,4,treated,1.0760510039530757,0.2658983377792672,-0.008779949807579346,0.044705939634148394,0
organoid_013,glia_niche,5,treated,1.3426515354522226,0.03648056551228534,-0.22941777226698185,-0.04477914346551697,0
organoid_013,hindbrain,0,treated,0.0,-0.6039324738966947,0.0,-0.6608883693211569,0
organoid_013,hindbrain,1,treated,0.3265940292044144,-0.12314274336994262,0.48078973052675206,-0.4453612857187984,0
organoid_013,hindbrain,2,treated,0.4711832505320863,-0.05865856654701034,0.06448417682293228,-0.46809649595270425,0
organoid_013,hindbrain,3,treated,0.5497803457382583,-0.3661259356513454,-0.30746736910433503,-1.1728665114026626,0
organoid_013,hindbrain,4,treated,0.8125280878503641,-0.35513175949431713,0.010994176157028246,-0.9678601210471347,0
organoid_013,hindbrain,5,treated,1.0502334931145334,-0.5254069452124192,-0.17027518571810202,-0.99632669291245,0
organoid_013,midbrain,0,treated,1.026979025267877,1.766070467148142,0.0,0.5896142285223702,0
organoid_013,midbrain,1,treated,0.7189782044525971,1.1453028498837237,-0.6207676172644183,0.00786667315298603,0
organoid_013,midbrain,2,treated,0.9133615688459836,1.2198904561012704,0.07458760621754679,-0.07412552097236756,0
organoid_013,midbrain,3,treated,1.2060172587829936,1.3951670053851586,0.17527654928388814,0.4968044255157606,0
organoid_013,midbrain,4,treated,1.4616688747481783,1.1746629619418745,-0.22050404344328411,0.31611318828637086,0
organoid_013,midbrain,5,treated,1.9830385691715662,1.2669979214195073,0.09233495947763282,0.9273167604646425,0
organoid_013,striatum,0,treated,0.0,-0.6039324738966947,0.0,-0.6299607341664928,0
organoid_013,striatum,1,treated,0.5629218726718364,0.640825404478502,1.2447578783751967,1.7527839815402486,0
organoid_013,striatum,2,treated,0.7090590287319033,0.6291540898690663,-0.011671314609435712,0.7208831843513518,0
organoid_013,striatum,3,treated,0.9806078223579665,0.7901841991355005,0.16103010926643424,0.9152795087668046,0
organoid_013,striatum,4,treated,1.3893133911655895,1.0041467363622427,0.2139625372267422,1.1265934868796943,0
organoid_013,striatum,5,treated,1.8849052050975592,1.0784325674564694,0.0742858310942267,0.7069239921739032,0
organoid_013,thalamus,0,treated,0.0,-0.6039324738966947,0.0,-0.6299607341664928,0
organoid_013,thalamus,1,treated,0.0,-1.1789110012648365,-0.5749785273681418,-1.3290677137672724,0
organoid_013,thalamus,2,treated,0.008580770429028842,-1.3962636102899382,-0.21735260902510167,-0.8975538652623005,0
organoid_013,thalamus,3,treated,0.25249795215624116,-1.164010618609966,0.23225299167997226,0.21672560133057936,0
organoid_013,thalamus,4,treated,0.37540269595344145,-1.3852813520431915,-0.22127073343322556,-1.9495217092611166,0
organoid_013,thalamus,5,treated,0.663713116045427,-1.2681141009662702,0.11716725107692127,-0.8849180331573944,0
organoid_014,cortex,0,treated,0.0,-0.6193066060394937,0.0,-1.6672225594759158,0
organoid_014,cortex,1,treated,0.0,-1.2042186520345277,-0.584912045995034,-2.3155634808349315,0
organoid_014,cortex,2,treated,0.11613499886170651,-1.0165869860453498,0.1876316659891779,-0.0013291332900679208,0
organoid_014,cortex,3,treated,0.24779513410884663,-0.8290663266402838,0.18752065940506601,0.5008992460856353,0
organoid_014,cortex,4,treated,0.4538803297768863,-0.7341620467577223,0.09490427988256145,1.732186483119267,0
organoid_014,cortex,5,treated,0.6861053660768014,-0.6682981245657198,0.06586392219200254,0.962161530881332,0
organoid_014,glia_niche,0,treated,0.5285240402698712,0.792792658161764,0.0,1.7067535881205251,0
organoid_014,glia_niche,1,treated,0.47710911537285605,0.6653909151235025,-0.12740174303826157,0.1765262370721693,0
organoid_014,glia_niche,2,treated,0.5702780411303916,0.5970320000704902,-0.06835891505301228,1.0941467699788714,0
organoid_014,glia_niche,3,treated,0.7661474585721807,0.6788311867278758,0.08179918665738561,1.2523408120719377,0
organoid_014,glia_niche,4,treated,0.981732665733545,0.5781351119996688,-0.10069607472820696,0.7992544974574352,0
organoid_014,glia_niche,5,treated,1.206095728025721,0.4566638363197029,-0.1214712756799659,0.46545827810740364,0
organoid_014,hindbrain,0,treated,0.0,-0.6193066060394937,0.0,-0.6738032345305381,0
organoid_014,hindbrain,1,treated,0.3427177602645095,0.13876219402363366,0.7580688000631274,-0.15756731761546816,0
organoid_014,hindbrain,2,treated,0.35443556167375756,-0.1698795023532003,-0.3086416963768339,-0.6142633190967186,0
organoid_014,hindbrain,3,treated,0.405310785901474,-0.3708500740160156,-0.20097057166281532,-1.179231442409065,0
organoid_014,hindbrain,4,treated,0.5397375464818549,-0.5207118564946653,-0.14986178247864973,-1.164450367729377,0
organoid_014,hindbrain,5,treated,0.6758736262627444,-0.6904337619289787,-0.1697219054343133,-1.1837827412299005,0
organoid_014,midbrain,0,treated,0.8622497015815969,1.684433765996211,0.0,0.5250785959898296,0
organoid_014,midbrain,1,treated,0.6188910095587794,1.2209803542660242,-0.4634534117301867,0.10913640914284976,0
organoid_014,midbrain,2,treated,0.7747606076729846,1.3235805123068858,0.10260015804086153,0.3403399158512962,0
organoid_014,midbrain,3,treated,0.8818796848225845,1.0154985998820911,-0.30808191242479466,-0.06205355796551423,0
organoid_014,midbrain,4,treated,1.179375724349568,1.0694968179204392,0.053998218038348034,0.18846875982495442,0
organoid_014,midbrain,5,treated,1.5212632879401005,1.1385063129377275,0.06900949501728837,0.7403095131273546,0
organoid_014,striatum,0,treated,0.0,-0.6193066060394937,0.0,-1.6672225594759158,0
organoid_014,striatum,1,treated,0.4051227943133526,0.3833038406558947,1.0026104466953885,1.209220140650916,0
organoid_014,striatum,2,treated,0.5474926591350783,0.5160730915955979,0.1327692509397032,0.5511040511887872,0
organoid_014,striatum,3,treated,0.8367967679271389,0.8843514725832831,0.36827838098768517,1.1026082575748917,0
organoid_014,striatum,4,treated,1.1318623916691533,0.9513736095299727,0.06702213694668968,1.0216304238708744,0
organoid_014,striatum,5,treated,1.4616827899087086,1.009608166355332,0.058234556825359274,0.5698193438933488,0
organoid_014,thalamus,0,treated,0.0,-0.6193066060394937,0.0,-1.6672225594759158,0
organoid_014,thalamus,1,treated,0.0,-1.2042186520345277,-0.584912045995034,-1.4348685529483702,0
organoid_014,thalamus,2,treated,0.05038068697706174,-1.250219115574424,-0.046000463539896286,-0.52177078543724,0
organoid_014,thalamus,3,treated,0.05883168716591715,-1.3787648585369507,-0.12854574296252674,-1.5618113307819244,0
organoid_014,thalamus,4,treated,0.20852898499969566,-1.3441316361976927,0.03463322233925803,-1.7469439222496064,0
organoid_014,thalamus,5,treated,0.41905318080727105,-1.246046429118064,0.09808520707962876,-0.8502779628335169,0
organoid_015,cortex,0,treated,0.0,-0.6159945583062171,0.0,-1.4437653493114007,0
organoid_015,cortex,1,treated,0.06955619389381967,-0.9599452538449142,-0.34395069553869717,0.6105708352650567,0
organoid_015,cortex,2,treated,0.11856631424584112,-1.3362872713746048,-0.37634201752969054,-2.1464476692211765,0
organoid_015,cortex,3,treated,0.23032682199741075,-1.2766515814259638,0.05963568994864099,-1.9551391070571784,0
organoid_015,cortex,4,treated,0.3393335504708662,-1.4413660089178997,-0.16471442749193588,-1.9141251641337362,0
organoid_015,cortex,5,treated,0.5881865994854464,-0.8880279695896769,0.5533380393282228,0.441185764573162,0
organoid_015,glia_niche,0,treated,0.5267910701178515,0.759438352331207,0.0,1.4382607253960082,0
organoid_015,glia_niche,1,treated,0.23583889152098078,-0.11207621708419313,-0.8715145694154002,-5.21075993200386,0
organoid_015,glia_niche,2,treated,0.26396638582910015,-0.43515761771799605,-0.3230814006338029,-4.08225350955156,0
organoid_015,glia_niche,3,treated,0.34950035113336153,-0.4801337440651027,-0.044976126347106626,-1.8999279514232708,0
organoid_015,glia_niche,4,treated,0.47984207278884405,-0.6390319878977886,-0.15889824383268591,-2.1421404812432177,0
organoid_015,glia_niche,5,treated,0.6496547502391588,-0.6189145541750206,0.020117433722767974,-0.8406392816812418,0
organoid_015,hindbrain,0,treated,0.8887651378829606,1.7045398808936607,0.0,1.2783176310425475,0
organoid_015,hindbrain,1,treated,0.4350330644631991,0.9036071579808026,-0.8009327229128581,0.6828817756763526,0
organoid_015,hindbrain,2,treated,0.5702714349283038,1.463194699460754,0.5595875414799515,1.5319267512111396,0
organoid_015,hindbrain,3,treated,0.5708933555839517,0.9995864453960862,-0.4636082540646679,0.6671865118037319,0
organoid_015,hindbrain,4,treated,0.7075737675475289,0.6613651933917752,-0.33822125200431097,0.23900827883793183,0
organoid_015,hindbrain,5,treated,0.7911197104384535,0.00043250822918540656,-0.6609326851625899,-0.39901900709025756,0
organoid_015,midbrain,0,treated,0.0,-0.6159945583062171,0.0,-1.293461287540459,0
organoid_015,midbrain,1,treated,0.5049026174934604,1.2598693035438857,1.8758638618501027,0.16117662450720993,0
organoid_015,midbrain,2,treated,0.4598374265250021,0.778770278889587,-0.48109902465429866,-1.83735213719896,0
organoid_015,midbrain,3,treated,0.6296346798611508,1.392194710975033,0.613424432085446,0.4924293170361533,0
organoid_015,midbrain,4,treated,0.8211439900402291,1.3098757020604583,-0.08231900891457467,0.4802263930989468,0
organoid_015,midbrain,5,treated,1.1224490235765796,1.4510237817954907,0.1411480797350324,1.1951488001940596,0
organoid_015,striatum,0,treated,0.0,-0.6159945583062171,0.0,-1.4437653493114007,0
organoid_015,striatum,1,treated,0.007576440783187477,-1.2759776151096334,-0.6599830568034163,-2.2931094810876407,0
organoid_015,striatum,2,treated,0.24961516044221094,-0.5241005915529855,0.7518770235566479,-1.0106064833821935,0
organoid_015,striatum,3,treated,0.37115028197749456,-0.33543251536095986,0.18866807619202564,-1.3239312387018203,0
organoid_015,striatum,4,treated,0.6750882735749225,0.47586600391997075,0.8112985192809306,0.07587000062651988,0
organoid_015,striatum,5,treated,1.0092588781122904,0.9554665499011028,0.47960054598113205,0.4619641767936803,0
organoid_015,thalamus,0,treated,0.0,-0.6159945583062171,0.0,-1.4437653493114007,0
organoid_015,thalamus,1,treated,0.2940073743358165,0.1845226245140523,0.8005171828202694,4.370885359233567,1
organoid_015,thalamus,2,treated,0.3428258011718698,0.05358050229524481,-0.1309421222188075,2.833000216593244,1
organoid_015,thalamus,3,treated,0.3765169654740015,-0.2995633155190933,-0.3531438178143381,7.375845975088474,1
organoid_015,thalamus,4,treated,0.5275325773815883,-0.3667089025565174,-0.06714558703742407,3.064854416752271,1
organoid_015,thalamus,5,treated,0.5854565659797601,-0.8999803161610808,-0.5332714136045633,-0.30705099389908186,0
organoid_016,cortex,0,control,0.0,-0.5833709380440827,0.0,0.7572848034383712,0
organoid_016,cortex,1,control,0.01250041534299763,-0.8947118748503454,-0.31134093680626274,1.39199701693628,0
organoid_016,cortex,2,control,0.058480929439967105,-0.9121792032954338,-0.01746732844508836,0.6992241046954799,0
organoid_016,cortex,3,control,0.06516160228375278,-0.8176183399952144,0.0945608633002194,0.5637178800015815,0
organoid_016,cortex,4,control,0.04622016846372831,-0.8962350721866603,-0.07861673219144594,0.8965452933811106,0
organoid_016,cortex,5,control,0.06419982882051034,-0.4559793851620075,0.44025568702465284,1.4655656904317724,0
organoid_016,glia_niche,0,control,0.4636931902533333,0.48993312032816316,0.0,-0.7311812539193201,0
organoid_016,glia_niche,1,control,0.3576058167394005,0.6014483978533978,0.1115152775252346,-0.2665492636592434,0
organoid_016,glia_niche,2,control,0.26754434804452953,0.5643323236269688,-0.03711607422642893,0.930158863720465,0
organoid_016,glia_niche,3,control,0.20410010682070065,0.5115665327402712,-0.05276579088669764,0.7973976727301803,0
organoid_016,glia_niche,4,control,0.10946121333889805,-0.008582326290164503,-0.5201488590304357,-0.6186015446975135,0
organoid_016,glia_niche,5,control,0.021362854456373093,-1.2064663740387975,-1.197884047748633,-1.5541158678187557,0
organoid_016,hindbrain,0,control,0.0,-0.5833709380440827,0.0,-0.6436158845026416,0
organoid_016,hindbrain,1,control,0.10777832594623281,-0.48164669495465606,0.10172424308942662,-0.839302980113978,0
organoid_016,hindbrain,2,control,0.15110912592322842,-0.2579920636301312,0.22365463132452484,-0.7300610604803557,0
organoid_016,hindbrain,3,control,0.14463223890996288,-0.05734552446245022,0.200646539167681,-0.7568401672032485,0
organoid_016,hindbrain,4,control,0.10008264045233775,-0.14022018888048166,-0.08287466441803143,-0.7126995102778756,0
organoid_016,hindbrain,5,control,0.07212418733907043,-0.31714773209471736,-0.1769275432142357,-0.7597624187327082,0
organoid_016,midbrain,0,control,1.0484885400924013,1.8435506318481676,0.0,0.6508640263104488,0
organoid_016,midbrain,1,control,0.5978039302796135,1.6427965587431093,-0.20075407310505833,0.6736002615427111,0
organoid_016,midbrain,2,control,0.36468278490858447,1.2503730604250571,-0.3924234983180521,0.04771823511093716,0
organoid_016,midbrain,3,control,0.31294958939693973,1.5528983516454244,0.3025252912203673,0.7289791886119927,0
organoid_016,midbrain,4,control,0.2348661250814422,1.7516038704575574,0.19870551881213294,1.0163698460609916,0
organoid_016,midbrain,5,control,0.17469848138132232,1.4799136667229276,-0.2716902037346298,1.2371952647064643,0
organoid_016,striatum,0,control,0.0,-0.5833709380440827,0.0,0.7572848034383712,0
organoid_016,striatum,1,control,0.23756329964785491,0.08101943794433203,0.6643903759884147,0.5711731028035547,0
organoid_016,striatum,2,control,0.28401649733728124,0.6806669672785093,0.5996475293341772,0.7982243097996284,0
organoid_016,striatum,3,control,0.16040698258219854,0.09356692943429928,-0.5871000378442099,-0.4705144805175333,0
organoid_016,striatum,4,control,0.13160235301356502,0.30219121434772217,0.20862428491342289,-0.269560315429121,0
organoid_016,striatum,5,control,0.14322009489554813,0.9284246822864725,0.6262334679387502,0.40809424565247143,0
organoid_016,thalamus,0,control,0.0,-0.5833709380440827,0.0,0.7572848034383712,0
organoid_016,thalamus,1,control,0.0,-0.9489058247358377,-0.36553488669175505,-0.3675110321843157,0
organoid_016,thalamus,2,control,0.0,-1.3252010844049715,-0.3762952596691338,-0.7147048308689206,0
organoid_016,thalamus,3,control,0.01650857140048373,-1.2830679493623303,0.04213313504264127,-0.7692752331759094,0
organoid_016,thalamus,4,control,0.0382034797548722,-1.0087574974479725,0.27431045191435777,-0.09591548978374301,0
organoid_016,thalamus,5,control,0.0657543457827044,-0.4287448577138781,0.5800126397340943,0.43265682539417166,0
organoid_017,cortex,0,treated,0.0,-0.602368867911634,0.0,-0.5244673779845361,0
organoid_017,cortex,1,treated,0.019165629621633765,-1.2092230362889813,-0.6068541683773473,-2.3755106572627973,0
organoid_017,cortex,2,treated,0.14299446988984726,-1.1060081806089503,0.10321485568003097,-0.6013256636839328,0
organoid_017,cortex,3,treated,0.4546521286889112,-0.6488202553686024,0.4571879252403479,1.4899650370454804,0
organoid_017,cortex,4,treated,0.6524982862197896,-0.7660533192219117,-0.11723306385330923,1.5677565245021028,0
organoid_017,cortex,5,treated,1.0308538685472082,-0.5241308625702397,0.241922456651672,1.3039796839249342,0
organoid_017,glia_niche,0,treated,0.5316845417597935,0.6364856070765834,0.0,0.4485254054359438,0
organoid_017,glia_niche,1,treated,0.5887700177691908,0.7439870891904552,0.10750148211387178,0.7211410046326229,0
organoid_017,glia_niche,2,treated,0.5808835925051354,0.2099113601938326,-0.5340757289966226,-0.8472517424019828,0
organoid_017,glia_niche,3,treated,0.7244083168806723,0.14672105817386916,-0.06319030201996345,-0.19494554872635503,0
organoid_017,glia_niche,4,treated,1.0396726232894264,0.20740380726657784,0.06068274909270868,-0.09665141248781722,0
organoid_017,glia_niche,5,treated,1.358050350299829,0.13811935160905436,-0.06928445565752347,0.07864298148049492,0
organoid_017,hindbrain,0,treated,0.0,-0.602368867911634,0.0,-0.6595748798604136,0
organoid_017,hindbrain,1,treated,0.3732171622569259,0.004842467549134944,0.607211335460769,-0.3047248697905571,0
organoid_017,hindbrain,2,treated,0.4945642485024551,-0.04949063372644012,-0.054333101275575064,-0.4560479764409136,0
organoid_017,hindbrain,3,treated,0.64134944391028,-0.09822889217630142,-0.048738258449861294,-0.8119231886393102,0
organoid_017,hindbrain,4,treated,0.7575038890765246,-0.502041883970913,-0.40381299179461155,-1.14228384789706,0
organoid_017,hindbrain,5,treated,0.9697509954987323,-0.6478039245376892,-0.14576204056677622,-1.135358969767885,0
organoid_017,midbrain,0,treated,1.0194429972952297,1.772989864569953,0.0,0.5950841664676768,0
organoid_017,midbrain,1,treated,0.6968863859417732,1.114725077588897,-0.6582647869810558,-0.03305173387867466,0
organoid_017,midbrain,2,treated,0.9530808896055177,1.3284175550112696,0.21369247742237252,0.359674335088486,0
organoid_017,midbrain,3,treated,1.0471200893520693,1.0984343407808017,-0.22998321423046786,0.060024814228151,0
organoid_017,midbrain,4,treated,1.4001116232498407,1.113641332799532,0.015206992018730325,0.24204875387988337,0
organoid_017,midbrain,5,treated,1.8450217322319546,1.1237561783141874,0.010114845514655357,0.7188421028708023,0
organoid_017,striatum,0,treated,0.0,-0.602368867911634,0.0,-0.5244673779845361,0
organoid_017,striatum,1,treated,0.5312587158100833,0.5467771314488122,1.1491459993604463,1.554271516183206,0
organoid_017,striatum,2,treated,0.7710129741108986,0.7812773878345426,0.23450025638573035,0.9492801923079822,0
organoid_017,striatum,3,treated,1.020273719882518,1.0192613802833355,0.23798399244879287,1.3709871039187795,0
organoid_017,striatum,4,treated,1.4236392294832798,1.1727958628505177,0.15353448256718227,1.4620280148778866,0
organoid_017,striatum,5,treated,1.8746808236003372,1.1837865903340967,0.010990727483578988,0.9167990658465729,0
organoid_017,thalamus,0,treated,0.0,-0.602368867911634,0.0,-0.5244673779845361,0
organoid_017,thalamus,1,treated,0.021531962204155514,-1.201108729488318,-0.598739861576684,-1.4218672507662153,0
organoid_017,thalamus,2,treated,0.12366117916989383,-1.164107488704254,0.03700124078406408,-0.3001993224591053,0
organoid_017,thalamus,3,treated,0.16014067401919235,-1.5173676316931022,-0.3532601429888482,-2.7096822693731197,0
organoid_017,thalamus,4,treated,0.4696642131504999,-1.2257457997238042,0.29162183196929803,-1.1641369629881797,0
organoid_017,thalamus,5,treated,0.6605024173036086,-1.2737273331494092,-0.04798153342560507,-0.8937292371169998,0
organoid_018,cortex,0,treated,0.0,-0.5784116409717155,0.0,1.0918786189302379,0
organoid_018,cortex,1,treated,0.0,-1.3120667152859553,-0.7336550743142398,-3.6074680481917167,0
organoid_018,cortex,2,treated,0.1797577448074224,-1.2985060435499693,0.013560671735985963,-1.8929439476546028,0
organoid_018,cortex,3,treated,0.2599335004206878,-1.2132784822027172,0.08522756134725218,-1.607391363838184,0
organoid_018,cortex,4,treated,0.5279782552430521,-0.698660125939846,0.5146183562628711,1.9152327813649155,0
organoid_018,cortex,5,treated,0.8013423210350854,-0.6802327608656819,0.018427365074164204,0.9338647089757592,0
organoid_018,glia_niche,0,treated,0.4577497969737311,0.4549402136689176,0.0,-1.0128643964713457,0
organoid_018,glia_niche,1,treated,0.2362922605557105,-0.33682881524716607,-0.7917690289160837,-6.768133245148404,0
organoid_018,glia_niche,2,treated,0.3547597354008037,-0.3273705331172217,0.009458282129944373,-3.541704481309394,0
organoid_018,glia_niche,3,treated,0.4522863699147817,-0.2710616340620525,0.05630889905516917,-1.3312727107252473,0
organoid_018,glia_niche,4,treated,0.5159063323041163,-0.7490238187259185,-0.477962184663866,-2.407945742429795,0
organoid_018,glia_niche,5,treated,0.8667517801078182,-0.4677833408782868,0.2812404778476317,-0.657117456922408,0
organoid_018,hindbrain,0,treated,1.079584132605114,1.8587063502179435,0.0,1.4078234238011904,0
organoid_018,hindbrain,1,treated,0.6473185617194338,1.359580647614241,-0.4991257026037026,1.183927770599045,0
organoid_018,hindbrain,2,treated,0.6638667895458435,1.3879518800031436,0.028371232388902712,1.433042455688916,0
organoid_018,hindbrain,3,treated,0.6248672418915391,0.5743045186290083,-0.8136473613741353,0.09419522467588663,0
organoid_018,hindbrain,4,treated,0.7077797306373095,0.051466122798222665,-0.5228383958307856,-0.4851138282955394,0
organoid_018,hindbrain,5,treated,0.963516377743679,-0.1534926719982236,-0.20495879479644627,-0.5738645661095519,0
organoid_018,midbrain,0,treated,0.0,-0.5784116409717155,0.0,-1.2637511533927506,0
organoid_018,midbrain,1,treated,0.5493805658424881,0.9553657774004907,1.5337774183722062,-0.2463023476420927,0
organoid_018,midbrain,2,treated,0.5932518534912138,0.9960896403962397,0.04072386299574904,-0.9686925241837568,0
organoid_018,midbrain,3,treated,0.7921679327057597,1.3938063540075072,0.3977167136112675,0.49480159653627853,0
organoid_018,midbrain,4,treated,1.0309183178643284,1.3995904122547744,0.005784058247267243,0.589116787568492,0
organoid_018,midbrain,5,treated,1.4192973921702305,1.326880557331127,-0.07270985492364734,1.0144702099190557,0
organoid_018,striatum,0,treated,0.0,-0.5784116409717155,0.0,1.0918786189302379,0
organoid_018,striatum,1,treated,0.16411706491559122,-0.6347140953888886,-0.056302454417173076,-0.9395620086836216,0
organoid_018,striatum,2,treated,0.3488088814212523,-0.3603935038694237,0.27432059151946486,-0.7648176429594411,0
organoid_018,striatum,3,treated,0.6072116408087117,0.48782073053661756,0.8482142344060413,0.3137821075564925,0
organoid_018,striatum,4,treated,0.9340940498181045,0.9956425313096168,0.5078218007729992,1.1096790559115282,0
organoid_018,striatum,5,treated,1.353422065755844,1.112918003801145,0.11727547249152825,0.7756222088701915,0
organoid_018,thalamus,0,treated,0.0,-0.5784116409717155,0.0,1.0918786189302379,0
organoid_018,thalamus,1,treated,0.31031050684821443,-0.031336799092721156,0.5470748418789944,3.4684662303077025,1
organoid_018,thalamus,2,treated,0.34207324758556606,-0.3977714398627681,-0.36643464077004695,1.6716389257102735,0
organoid_018,thalamus,3,treated,0.30927372094000294,-0.9715914869083638,-0.5738200470455957,1.810289166327822,0
organoid_018,thalamus,4,treated,0.45598467886841393,-0.9990151216968486,-0.027423634788484752,-0.047954309995592255,0
organoid_018,thalamus,5,treated,0.6603145774375594,-1.1382897873900828,-0.1392746656932342,-0.6811301853517001,0
organoid_019,cortex,0,treated,0.0,-0.5861313772149139,0.0,0.5710435153840624,0
organoid_019,cortex,1,treated,0.0,-1.1717523270432049,-0.5856209498282909,-1.9266515961235986,0
organoid_019,cortex,2,treated,0.3299543385306429,-0.7161880764097963,0.45556425063340855,2.01428142072952,1
organoid_019,cortex,3,treated,0.6071617042546076,-0.592369262400908,0.12381881400888828,1.79972904807851,0
organoid_019,cortex,4,treated,0.9041215672177794,-0.5888183026616559,0.003550959739252124,2.481572254847752,1
organoid_019,cortex,5,treated,1.40698647518243,-0.4624414442078471,0.1263768584538088,1.4502442571373202,0
organoid_019,glia_niche,0,treated,0.4812796906547068,0.5099183939458806,0.0,-0.570305373209555,0
organoid_019,glia_niche,1,treated,0.5917380908859342,0.5342935413842052,0.024375147438324585,-0.7318839568641509,0
organoid_019,glia_niche,2,treated,0.7434434690013222,0.3640619966742923,-0.17023154470991286,-0.07419087837500282,0
organoid_019,glia_niche,3,treated,0.9588316577610443,0.22222133314704795,-0.14184066352724434,0.010407652315207,0
organoid_019,glia_niche,4,treated,1.3565090610622017,0.20325757050307697,-0.018963762643970983,-0.10667117066045675,0
organoid_019,glia_niche,5,treated,1.800378487591145,0.06715866742007584,-0.13609890308300113,-0.007526076283419168,0
organoid_019,hindbrain,0,treated,0.0,-0.5861313772149139,0.0,-0.6459347600969743,0
organoid_019,hindbrain,1,treated,0.37052306372789906,-0.10349366368144422,0.48263771353346974,-0.4237699149359191,0
organoid_019,hindbrain,2,treated,0.4495960762238106,-0.40362122431423325,-0.300127560632789,-0.9214472560741146,0
organoid_019,hindbrain,3,treated,0.626175487214927,-0.5483266917154296,-0.14470546740119633,-1.4183494232358864,0
organoid_019,hindbrain,4,treated,0.9160794489715549,-0.5678814956981556,-0.01955480398272602,-1.2204540250222398,0
organoid_019,hindbrain,5,treated,1.2587705944129157,-0.6619756099372036,-0.09409411423904801,-1.1514567664523707,0
organoid_019,midbrain,0,treated,1.062955627839568,1.8346071149137755,0.0,0.6437939767581975,0
organoid_019,midbrain,1,treated,0.8260774370563772,1.209919598759529,-0.6246875161542464,0.09433518387605602,0
organoid_019,midbrain,2,treated,1.1240972950917973,1.3585290652182676,0.14860946645873852,0.48003476971507814,0
organoid_019,midbrain,3,treated,1.3172803572038694,1.0525138748929461,-0.30601519032532143,-0.00756842923018649,0
organoid_019,midbrain,4,treated,1.8684608069879347,1.099623256314429,0.04710938142148291,0.22503444402076475,0
organoid_019,midbrain,5,treated,2.556805380523609,1.08549090167802,-0.01413235463640894,0.663150652379355,0
organoid_019,striatum,0,treated,0.0,-0.5861313772149139,0.0,0.5710435153840624,0
organoid_019,striatum,1,treated,0.6501790279111257,0.7027851776241197,1.2889165548390338,1.8835656208396412,0
organoid_019,striatum,2,treated,0.8869152310992913,0.7388853476905874,0.03610017006646771,0.8856330372728997,0
organoid_019,striatum,3,treated,1.378528258913406,1.194385434382662,0.45550008669207465,1.7193647168568666,0
organoid_019,striatum,4,treated,1.9062495857526773,1.1657868447053275,-0.02859858967733464,1.448087434560525,0
organoid_019,striatum,5,treated,2.6744033552239115,1.2438060137392994,0.07801916903397199,1.0363633744975058,0
organoid_019,thalamus,0,treated,0.0,-0.5861313772149139,0.0,0.5710435153840624,0
organoid_019,thalamus,1,treated,0.0,-1.1717523270432049,-0.5856209498282909,-1.2991402524250373,0
organoid_019,thalamus,2,treated,0.09053868126830877,-1.3416671088591172,-0.16991478181591235,-0.7570731063311815,0
organoid_019,thalamus,3,treated,0.2893964626460977,-1.3284246883063184,0.013242420552798784,-1.144907562295443,0
organoid_019,thalamus,4,treated,0.49110075323100394,-1.311967873163023,0.016456815143295334,-1.5886034865102738,0
organoid_019,thalamus,5,treated,0.8056100416945483,-1.2720385286923428,0.039929344470680306,-0.8910782866425476,0
organoid_020,cortex,0,control,0.0,-0.5861454488802951,0.0,0.5700941283758841,0
organoid_020,cortex,1,control,0.0,-1.0203234289104803,-0.43417798003018526,-0.11269519088530035,0
organoid_020,cortex,2,control,0.1030578723661914,-0.88989380176844,0.13042962714204032,0.848754243046743,0
organoid_020,cortex,3,control,0.12337253448875755,-0.7062624079094291,0.18363139385901095,1.1747622277060523,0
organoid_020,cortex,4,control,0.05514949602324866,-1.1608601554449538,-0.45459774753552473,-0.46784966884828094,0
organoid_020,cortex,5,control,0.0811175301141719,-0.8246076592366473,0.33625249620830655,0.5915542535786915,0
organoid_020,glia_niche,0,control,0.47729846997235903,0.5100212574013903,0.0,-0.569477351071129,0
organoid_020,glia_niche,1,control,0.3712559782796123,0.5500121044092806,0.03999084700789035,-0.6229656583602895,0
organoid_020,glia_niche,2,control,0.3872524966886738,0.5096963570511647,-0.04031574735811594,0.6561611139064747,0
organoid_020,glia_niche,3,control,0.24800938870693257,0.07129794227842058,-0.4383984147727441,-0.4000888847891876,0
organoid_020,glia_niche,4,control,0.2652726515609764,0.3972215499710115,0.32592360769259093,0.3620604236324256,0
organoid_020,glia_niche,5,control,0.2869745382169525,0.7895222527476122,0.39230070277660073,0.86965528438199,0
organoid_020,hindbrain,0,control,0.0,-0.5861454488802951,0.0,-0.6459465808397635,0
organoid_020,hindbrain,1,control,0.20178898207281934,-0.1667980250913499,0.4193474237889452,-0.4933318466417966,0
organoid_020,hindbrain,2,control,0.20610355468910913,-0.3824186050372199,-0.21562057994587003,-0.8935827224807855,0
organoid_020,hindbrain,3,control,0.2231811199600834,-0.08359586872521811,0.2988227363120018,-0.792207808290217,0
organoid_020,hindbrain,4,control,0.18669743434652955,-0.18542060637588145,-0.10182473765066334,-0.7663651463448861,0
organoid_020,hindbrain,5,control,0.14255247118927378,-0.3428947608309655,-0.15747415445508403,-0.7890087943148207,0
organoid_020,midbrain,0,control,1.0540360852295065,1.8345605381197903,0.0,0.6437571567640189,0
organoid_020,midbrain,1,control,0.6213409727434329,1.6078195907060726,-0.22674094741371764,0.6267949612391637,0
organoid_020,midbrain,2,control,0.5641317466470493,1.3807841129554599,-0.22703547775061272,0.5689916901707485,0
organoid_020,midbrain,3,control,0.469792940241032,1.4549183575922406,0.07413424463678076,0.5847562269317451,0
organoid_020,midbrain,4,control,0.34715407107992885,1.0043794876075556,-0.45053886998468506,0.10943320624387855,0
organoid_020,midbrain,5,control,0.27268776233768993,0.6774992883362225,-0.32688019927133305,0.06935787906709864,0
organoid_020,striatum,0,control,0.0,-0.5861454488802951,0.0,0.5700941283758841,0
organoid_020,striatum,1,control,0.2529525422462779,0.04961318779695671,0.6357586366772517,0.5048823359076298,0
organoid_020,striatum,2,control,0.40844600016280525,0.6140692633438786,0.5644560755469219,0.6982349162032369,0
organoid_020,striatum,3,control,0.34186309678913795,0.6568143417462922,0.042745078402413594,0.6499643138091056,0
organoid_020,striatum,4,control,0.35723374333110763,1.0791211451414906,0.42230680339519844,1.2757137695901948,0
organoid_020,striatum,5,control,0.32532743584782525,1.0902482753776173,0.011127130236126659,0.7304619881868895,0
organoid_020,thalamus,0,control,0.0,-0.5861454488802951,0.0,0.5700941283758841,0
organoid_020,thalamus,1,control,0.0,-1.0203234289104803,-0.43417798003018526,-0.6660785492858987,0
organoid_020,thalamus,2,control,0.033543101345566984,-1.2322373265448427,-0.2119138976343624,-0.4755023377599534,0
organoid_020,thalamus,3,control,0.013266230637202156,-1.3931723649823076,-0.16093503843746482,-1.6811304293078866,0
organoid_020,thalamus,4,control,0.05871233091744343,-1.1344414208992233,0.2587309440830843,-0.7146505296871478,0
organoid_020,thalamus,5,control,0.009040250752987491,-1.3897673963938393,-0.255325975494616,-1.075879668699613,0
organoid_021,cortex,0,treated,0.0,-0.6108008392654591,0.0,-1.0933555543179205,0
organoid_021,cortex,1,treated,0.0,-1.5916486641448109,-0.9808478248793517,-6.956561075845002,0
organoid_021,cortex,2,treated,0.19342011398852565,-1.2063752090164284,0.3852734551283825,-1.274766329560948,0
organoid_021,cortex,3,treated,0.40018647599931384,-1.1436243362698875,0.0627508727465409,-1.225177579900301,0
organoid_021,cortex,4,treated,0.6690111504022477,-0.6716456771754971,0.4719786590943904,2.0545180575286466,1
organoid_021,cortex,5,treated,1.0171904121943716,-0.3312180104856612,0.3404276666898359,1.7613728110829683,0
organoid_021,glia_niche,0,treated,0.5302778374187489,0.7101977202790642,0.0,1.0418873657102417,0
organoid_021,glia_niche,1,treated,0.41826810221870225,0.740060324416292,0.029862604137227744,0.6939313584872048,0
organoid_021,glia_niche,2,treated,0.3853900091376603,-0.09980195073383709,-0.8398622751501291,-2.4004547989248866,0
organoid_021,glia_niche,3,treated,0.5955448037321582,-0.019328849696946065,0.08047310103689102,-0.6465847000545042,0
organoid_021,glia_niche,4,treated,0.8056455391921434,-0.09715418376400992,-0.07782533406706385,-0.8326434924709188,0
organoid_021,glia_niche,5,treated,1.0621873127356876,-0.20337955359508578,-0.10622536983107586,-0.33604635283428697,0
organoid_021,hindbrain,0,treated,0.940855400989576,1.7330056367827722,0.0,1.3022299661894272,0
organoid_021,hindbrain,1,treated,0.4656101784629959,1.0039770422592542,-0.729028594523518,0.7931731186423675,0
organoid_021,hindbrain,2,treated,0.568445624544015,0.9553866694910668,-0.04859037276818745,0.864564208631646,0
organoid_021,hindbrain,3,treated,0.5773432944572614,-0.1240793098593954,-1.0794659793504622,-0.846752000231722,0
organoid_021,hindbrain,4,treated,0.7781950390867354,-0.2125722636494324,-0.08849295379003701,-0.7986018166811032,0
organoid_021,hindbrain,5,treated,0.9651687064495013,-0.47901429216807284,-0.2664420285186404,-0.9436286915591763,0
organoid_021,midbrain,0,treated,0.0,-0.6108008392654591,0.0,-1.2893555368332148,0
organoid_021,midbrain,1,treated,0.4124047650004204,0.7073741214227773,1.3181749606882365,-0.578158554232671,0
organoid_021,midbrain,2,treated,0.6331075242547776,1.3281176593897357,0.6207435379669584,0.3584756051974146,0
organoid_021,midbrain,3,treated,0.8723741834743991,1.5738360069382478,0.24571834754851207,0.7597986501372914,0
organoid_021,midbrain,4,treated,1.0728752452191213,1.0264369872363044,-0.5473990197019434,0.13620529111584723,0
organoid_021,midbrain,5,treated,1.523459979468412,1.1071192854697869,0.0806822982334825,0.6946286964714425,0
organoid_021,striatum,0,treated,0.0,-0.6108008392654591,0.0,-1.0933555543179205,0
organoid_021,striatum,1,treated,0.18271056551860057,-0.5730965305612568,0.03770430870420238,-0.8095026858572559,0
organoid_021,striatum,2,treated,0.39359369937485306,-0.05251336817426909,0.5205831623869877,-0.3025682522184302,0
organoid_021,striatum,3,treated,0.7062190581573985,0.6176061925618297,0.6701195607360988,0.5719667966156295,0
organoid_021,striatum,4,treated,1.135296770626313,1.2888938670145278,0.6712876744526981,1.6929410355331957,0
organoid_021,striatum,5,treated,1.5755294047351993,1.2550511407133114,-0.03384272630121643,1.058764719863032,0
organoid_021,thalamus,0,treated,0.0,-0.6108008392654591,0.0,-1.0933555543179205,0
organoid_021,thalamus,1,treated,0.2340911761807664,-0.2866662933922565,0.3241345458732026,2.4010390316943635,1
organoid_021,thalamus,2,treated,0.24226578559569942,-0.9248138009562678,-0.6381475075640113,0.31552069588049886,0
organoid_021,thalamus,3,treated,0.4417525688559509,-0.9044097036738491,0.020404097282418654,2.3666706500572485,1
organoid_021,thalamus,4,treated,0.5114896898551711,-1.333958729661892,-0.4295490259880429,-1.6968632630966984,0
organoid_021,thalamus,5,treated,0.659104331654932,-1.3485585699342797,-0.014599840272387699,-1.0111933412817238,0
organoid_022,cortex,0,treated,0.0,-0.6060609873280419,0.0,-0.7735672614480318,0
organoid_022,cortex,1,treated,0.06084735636157587,-1.0952547682160283,-0.4891937808879864,-1.0102925752844776,0
organoid_022,cortex,2,treated,0.20615934418396697,-0.8886062377820229,0.20664853043400544,0.8573935139520419,0
organoid_022,cortex,3,treated,0.32066533066069747,-0.9273966292410845,-0.0387903914590616,-0.0386694548076624,0
organoid_022,cortex,4,treated,0.6036505962565788,-0.8907152930601047,0.036681336180979796,0.9250050249385326,0
organoid_022,cortex,5,treated,0.9984661268824915,-0.6089264454319472,0.2817888476281575,1.1029307833711226,0
organoid_022,glia_niche,0,treated,0.5245501282994197,0.6679340679237182,0.0,0.7016767473952651,0
organoid_022,glia_niche,1,treated,0.4751616320054656,0.33456435003628593,-0.3333697178874323,-2.115863118856479,0
organoid_022,glia_niche,2,treated,0.6388509607781342,0.4367331707767923,0.10216882074050637,0.29025290158081396,0
organoid_022,glia_niche,3,treated,0.770074068202042,0.25834274323864387,-0.17839042753814843,0.10865427712656427,0
organoid_022,glia_niche,4,treated,1.0895663691767232,0.3270293958394517,0.06868665260080781,0.19243470032447038,0
organoid_022,glia_niche,5,treated,1.3490910440824315,0.057901638028340245,-0.2691277578111114,-0.018767082616650204,0
organoid_022,hindbrain,0,treated,0.0,-0.6060609873280419,0.0,-0.6626764028704251,0
organoid_022,hindbrain,1,treated,0.42934345751030656,0.17644355693837355,0.7825045442664155,-0.11616119116097452,0
organoid_022,hindbrain,2,treated,0.49167316835024477,-0.01407410370831379,-0.19051766064668735,-0.4095034869344152,0
organoid_022,hindbrain,3,treated,0.5679817233342443,-0.2748664050691457,-0.2607923013608319,-1.0499106259069295,0
organoid_022,hindbrain,4,treated,0.8427058310208196,-0.2916233131098434,-0.016756908040697682,-0.8924576942620883,0
organoid_022,hindbrain,5,treated,1.076800618966287,-0.4599477600543599,-0.16832444694451648,-0.9219707765834961,0
organoid_022,midbrain,0,treated,0.972674059579585,1.7563098813884497,0.0,0.5818982678453513,0
organoid_022,midbrain,1,treated,0.7398049244193806,1.2478614803912338,-0.5084484009972159,0.14510805709860447,0
organoid_022,midbrain,2,treated,0.9005560170868849,1.2383387744980425,-0.009522705893191263,-0.0003846954507965466,0
organoid_022,midbrain,3,treated,1.1390928194579233,1.231977712912875,-0.006361061585167471,0.2565957655511391,0
organoid_022,midbrain,4,treated,1.4745274135349484,1.2917732739466878,0.05979556103381278,0.45825473946605194,0
organoid_022,midbrain,5,treated,2.0263119339330085,1.3458588992084304,0.05408562526174254,1.0420913714519797,0
organoid_022,striatum,0,treated,0.0,-0.6060609873280419,0.0,-0.7735672614480318,0
organoid_022,striatum,1,treated,0.5630086870951859,0.6377288950045757,1.2437898823326177,1.746248021762694,0
organoid_022,striatum,2,treated,0.7116342803702745,0.6596693175421902,0.021940422537614412,0.7666985643152977,0
organoid_022,striatum,3,treated,1.0360639374516143,0.9601418724132011,0.300472554871011,1.253379542034732,0
organoid_022,striatum,4,treated,1.2952918786185625,0.8425943567964324,-0.1175475156167688,0.805274027271287,0
organoid_022,striatum,5,treated,1.8239638686528916,0.9610277992393021,0.1184334424428698,0.4730427059536193,0
organoid_022,thalamus,0,treated,0.0,-0.6060609873280419,0.0,-0.7735672614480318,0
organoid_022,thalamus,1,treated,0.0011296561281375372,-1.3013435141544403,-0.6952825268263984,-1.8409075018476386,0
organoid_022,thalamus,2,treated,0.028734388697043728,-1.4320609213266884,-0.1307174071722481,-0.9896629435062244,0
organoid_022,thalamus,3,treated,0.19907746402684498,-1.2481992942544893,0.1838616270721991,-0.4805023972893011,0
organoid_022,thalamus,4,treated,0.4486903220662225,-1.2790584204126236,-0.030859126158134353,-1.4265920613289493,0
organoid_022,thalamus,5,treated,0.6372410880146828,-1.2959141309897662,-0.016855710577142524,-0.9285563019174078,0
organoid_023,cortex,0,treated,0.0,-0.6097676939970179,0.0,-1.0236513175519395,0
organoid_023,cortex,1,treated,0.0,-1.1563056405749266,-0.5465379465779087,-1.7416167962647071,0
organoid_023,cortex,2,treated,0.2605769217647763,-0.9091278426659191,0.2471777979090075,0.7196980627948332,0
organoid_023,cortex,3,treated,0.5668901987434554,-0.6534681937846314,0.25565964888128767,1.4644603652745591,0
organoid_023,cortex,4,treated,0.8457128517467277,-0.6498364250408998,0.0036317687437316115,2.1669655752622194,1
organoid_023,cortex,5,treated,1.3462860243423378,-0.3949313165015425,0.2549051085393573,1.6103096342895216,0
organoid_023,glia_niche,0,treated,0.5387124131949453,0.7007867435183569,0.0,0.9661316265756156,0
organoid_023,glia_niche,1,treated,0.610387083686233,0.6742681535016689,-0.026518590016687993,0.2380390927969964,0
organoid_023,glia_niche,2,treated,0.7371512269773587,0.5215220077464555,-0.1527461457552134,0.7154664009484886,0
organoid_023,glia_niche,3,treated,0.8168008417874602,0.04612262963619707,-0.47539937811025845,-0.46856321869246503,0
organoid_023,glia_niche,4,treated,1.0723392860812948,-0.13901923539556435,-0.18514186503176142,-0.9338141966926088,0
organoid_023,glia_niche,5,treated,1.4503320411848255,-0.2180097968310045,-0.07899056143544014,-0.353812166240745,0
organoid_023,hindbrain,0,treated,0.0,-0.6097676939970179,0.0,-0.6657901797363902,0
organoid_023,hindbrain,1,treated,0.33963746219961655,-0.13772013245022172,0.47204756154679617,-0.4613796345508222,0
organoid_023,hindbrain,2,treated,0.5190055143800988,-0.13333942242687022,0.004380710023351497,-0.5662422575803238,0
organoid_023,hindbrain,3,treated,0.6366605127814293,-0.45815569787159693,-0.3248162754447267,-1.2968601461886815,0
organoid_023,hindbrain,4,treated,0.9343295115428345,-0.45009400202780675,0.008061695843790184,-1.0806070696439722,0
organoid_023,hindbrain,5,treated,1.314750672701315,-0.44855453539055457,0.0015394666372521848,-0.9090290685898307,0
organoid_023,midbrain,0,treated,0.9651828078729555,1.7382840324697149,0.0,0.5676484323486722,0
organoid_023,midbrain,1,treated,0.8053320981155305,1.258915575175485,-0.47936845729422983,0.15990036915415193,0
organoid_023,midbrain,2,treated,0.9817314271274484,1.2557383155318136,-0.0031772596436714373,0.06916400226417918,0
organoid_023,midbrain,3,treated,1.291652598329419,1.37540547776012,0.11966716222830631,0.46771618082917604,0
organoid_023,midbrain,4,treated,1.7161606114968992,1.3121574600689112,-0.06324801769120869,0.4829958556440113,0
organoid_023,midbrain,5,treated,2.2810784857625364,1.1946048125114093,-0.11755264755750194,0.8219555140528847,0
organoid_023,striatum,0,treated,0.0,-0.6097676939970179,0.0,-1.0236513175519395,0
organoid_023,striatum,1,treated,0.55799678676757,0.5171476849229213,1.1269153789199393,1.4917311389116055,0
organoid_023,striatum,2,treated,0.7772119362775249,0.6417820535374918,0.12463436861457056,0.739842733329234,0
organoid_023,striatum,3,treated,1.1380147156778624,0.9453171408904127,0.3035350873529209,1.2238884215434958,0
organoid_023,striatum,4,treated,1.6266624338063638,1.110428091028201,0.1651109501377882,1.3379816913710036,0
organoid_023,striatum,5,treated,2.278546073088624,1.1902986572899195,0.07987056626171851,0.9297717126879959,0
organoid_023,thalamus,0,treated,0.0,-0.6097676939970179,0.0,-1.0236513175519395,0
organoid_023,thalamus,1,treated,0.0,-1.1563056405749266,-0.5465379465779087,-1.234564033724075,0
organoid_023,thalamus,2,treated,0.10486212026378654,-1.3765751117229712,-0.22026947114804463,-0.8468939301306259,0
organoid_023,thalamus,3,treated,0.3519295176624323,-1.255221356630501,0.12135375509247015,-0.5386572317623285,0
organoid_023,thalamus,4,treated,0.6088902241301061,-1.1836358886328422,0.07158546799765886,-0.9568321876140952,0
organoid_023,thalamus,5,treated,0.8002570154748144,-1.3234078210782279,-0.13977193244538566,-0.9717137026925431,0
